Datum;von;bis;50Hertz (Negativ)
2024-09-01;00:00;00:15;4,364
2024-09-01;00:15;00:30;10,052
2024-09-01;00:30;00:45;53,048
2024-09-01;00:45;01:00;118,184
2024-09-01;01:00;01:15;41,14
2024-09-01;01:15;01:30;67,368
2024-09-01;01:30;01:45;35,104
2024-09-01;01:45;02:00;22,564
2024-09-01;02:00;02:15;4,852
2024-09-01;02:15;02:30;0,0
2024-09-01;02:30;02:45;0,32
2024-09-01;02:45;03:00;12,712
2024-09-01;03:00;03:15;9,108
2024-09-01;03:15;03:30;30,784
2024-09-01;03:30;03:45;11,78
2024-09-01;03:45;04:00;9,016
2024-09-01;04:00;04:15;0,516
2024-09-01;04:15;04:30;0,0
2024-09-01;04:30;04:45;0,048
2024-09-01;04:45;05:00;0,0
2024-09-01;05:00;05:15;0,012
2024-09-01;05:15;05:30;0,0
2024-09-01;05:30;05:45;0,316
2024-09-01;05:45;06:00;0,044
2024-09-01;06:00;06:15;0,0
2024-09-01;06:15;06:30;0,056
2024-09-01;06:30;06:45;0,708
2024-09-01;06:45;07:00;0,9
2024-09-01;07:00;07:15;0,0
2024-09-01;07:15;07:30;0,0
2024-09-01;07:30;07:45;0,0
2024-09-01;07:45;08:00;0,0
2024-09-01;08:00;08:15;0,788
2024-09-01;08:15;08:30;0,0
2024-09-01;08:30;08:45;0,0
2024-09-01;08:45;09:00;0,0
2024-09-01;09:00;09:15;0,0
2024-09-01;09:15;09:30;0,0
2024-09-01;09:30;09:45;4,632
2024-09-01;09:45;10:00;0,492
2024-09-01;10:00;10:15;0,808
2024-09-01;10:15;10:30;0,312
2024-09-01;10:30;10:45;7,044
2024-09-01;10:45;11:00;3,38
2024-09-01;11:00;11:15;6,76
2024-09-01;11:15;11:30;7,68
2024-09-01;11:30;11:45;6,896
2024-09-01;11:45;12:00;5,416
2024-09-01;12:00;12:15;16,064
2024-09-01;12:15;12:30;14,772
2024-09-01;12:30;12:45;10,9
2024-09-01;12:45;13:00;13,888
2024-09-01;13:00;13:15;10,776
2024-09-01;13:15;13:30;10,12
2024-09-01;13:30;13:45;8,116
2024-09-01;13:45;14:00;8,544
2024-09-01;14:00;14:15;7,268
2024-09-01;14:15;14:30;7,496
2024-09-01;14:30;14:45;5,676
2024-09-01;14:45;15:00;3,964
2024-09-01;15:00;15:15;2,924
2024-09-01;15:15;15:30;4,504
2024-09-01;15:30;15:45;7,076
2024-09-01;15:45;16:00;4,34
2024-09-01;16:00;16:15;39,524
2024-09-01;16:15;16:30;40,76
2024-09-01;16:30;16:45;16,404
2024-09-01;16:45;17:00;28,124
2024-09-01;17:00;17:15;30,076
2024-09-01;17:15;17:30;20,728
2024-09-01;17:30;17:45;7,916
2024-09-01;17:45;18:00;0,004
2024-09-01;18:00;18:15;0,232
2024-09-01;18:15;18:30;0,012
2024-09-01;18:30;18:45;0,0
2024-09-01;18:45;19:00;0,0
2024-09-01;19:00;19:15;3,356
2024-09-01;19:15;19:30;0,0
2024-09-01;19:30;19:45;0,0
2024-09-01;19:45;20:00;83,4
2024-09-01;20:00;20:15;140,632
2024-09-01;20:15;20:30;0,28
2024-09-01;20:30;20:45;0,0
2024-09-01;20:45;21:00;11,04
2024-09-01;21:00;21:15;31,036
2024-09-01;21:15;21:30;36,528
2024-09-01;21:30;21:45;75,36
2024-09-01;21:45;22:00;83,308
2024-09-01;22:00;22:15;8,984
2024-09-01;22:15;22:30;45,26
2024-09-01;22:30;22:45;50,232
2024-09-01;22:45;23:00;29,964
2024-09-01;23:00;23:15;0,804
2024-09-01;23:15;23:30;3,056
2024-09-01;23:30;23:45;2,664
2024-09-01;23:45;00:00;0,012
2024-09-02;00:00;00:15;124,312
2024-09-02;00:15;00:30;90,268
2024-09-02;00:30;00:45;12,828
2024-09-02;00:45;01:00;3,56
2024-09-02;01:00;01:15;2,488
2024-09-02;01:15;01:30;14,724
2024-09-02;01:30;01:45;19,428
2024-09-02;01:45;02:00;25,808
2024-09-02;02:00;02:15;38,5
2024-09-02;02:15;02:30;17,608
2024-09-02;02:30;02:45;7,984
2024-09-02;02:45;03:00;7,932
2024-09-02;03:00;03:15;0,036
2024-09-02;03:15;03:30;13,632
2024-09-02;03:30;03:45;0,632
2024-09-02;03:45;04:00;21,8
2024-09-02;04:00;04:15;0,732
2024-09-02;04:15;04:30;0,08
2024-09-02;04:30;04:45;0,428
2024-09-02;04:45;05:00;7,644
2024-09-02;05:00;05:15;3,804
2024-09-02;05:15;05:30;0,0
2024-09-02;05:30;05:45;0,0
2024-09-02;05:45;06:00;6,84
2024-09-02;06:00;06:15;18,332
2024-09-02;06:15;06:30;0,0
2024-09-02;06:30;06:45;0,0
2024-09-02;06:45;07:00;0,0
2024-09-02;07:00;07:15;35,952
2024-09-02;07:15;07:30;3,848
2024-09-02;07:30;07:45;0,796
2024-09-02;07:45;08:00;0,008
2024-09-02;08:00;08:15;0,0
2024-09-02;08:15;08:30;3,268
2024-09-02;08:30;08:45;2,204
2024-09-02;08:45;09:00;0,1
2024-09-02;09:00;09:15;0,416
2024-09-02;09:15;09:30;0,488
2024-09-02;09:30;09:45;0,0
2024-09-02;09:45;10:00;0,0
2024-09-02;10:00;10:15;0,0
2024-09-02;10:15;10:30;0,272
2024-09-02;10:30;10:45;0,052
2024-09-02;10:45;11:00;0,0
2024-09-02;11:00;11:15;0,0
2024-09-02;11:15;11:30;0,0
2024-09-02;11:30;11:45;0,076
2024-09-02;11:45;12:00;66,756
2024-09-02;12:00;12:15;73,068
2024-09-02;12:15;12:30;62,62
2024-09-02;12:30;12:45;30,588
2024-09-02;12:45;13:00;32,268
2024-09-02;13:00;13:15;15,932
2024-09-02;13:15;13:30;0,0
2024-09-02;13:30;13:45;0,0
2024-09-02;13:45;14:00;0,348
2024-09-02;14:00;14:15;111,12
2024-09-02;14:15;14:30;96,78
2024-09-02;14:30;14:45;13,984
2024-09-02;14:45;15:00;20,684
2024-09-02;15:00;15:15;89,98
2024-09-02;15:15;15:30;16,304
2024-09-02;15:30;15:45;3,164
2024-09-02;15:45;16:00;0,0
2024-09-02;16:00;16:15;0,0
2024-09-02;16:15;16:30;0,0
2024-09-02;16:30;16:45;0,0
2024-09-02;16:45;17:00;10,568
2024-09-02;17:00;17:15;16,06
2024-09-02;17:15;17:30;11,496
2024-09-02;17:30;17:45;0,048
2024-09-02;17:45;18:00;0,344
2024-09-02;18:00;18:15;0,0
2024-09-02;18:15;18:30;4,404
2024-09-02;18:30;18:45;2,864
2024-09-02;18:45;19:00;0,0
2024-09-02;19:00;19:15;0,0
2024-09-02;19:15;19:30;0,0
2024-09-02;19:30;19:45;0,0
2024-09-02;19:45;20:00;2,22
2024-09-02;20:00;20:15;1,424
2024-09-02;20:15;20:30;1,376
2024-09-02;20:30;20:45;17,304
2024-09-02;20:45;21:00;23,252
2024-09-02;21:00;21:15;17,8
2024-09-02;21:15;21:30;39,676
2024-09-02;21:30;21:45;33,496
2024-09-02;21:45;22:00;8,816
2024-09-02;22:00;22:15;0,448
2024-09-02;22:15;22:30;0,016
2024-09-02;22:30;22:45;0,0
2024-09-02;22:45;23:00;0,0
2024-09-02;23:00;23:15;9,776
2024-09-02;23:15;23:30;82,412
2024-09-02;23:30;23:45;15,124
2024-09-02;23:45;00:00;1,9
2024-09-03;00:00;00:15;1,344
2024-09-03;00:15;00:30;0,22
2024-09-03;00:30;00:45;0,668
2024-09-03;00:45;01:00;0,0
2024-09-03;01:00;01:15;0,0
2024-09-03;01:15;01:30;0,0
2024-09-03;01:30;01:45;0,0
2024-09-03;01:45;02:00;1,324
2024-09-03;02:00;02:15;1,892
2024-09-03;02:15;02:30;0,644
2024-09-03;02:30;02:45;0,012
2024-09-03;02:45;03:00;0,38
2024-09-03;03:00;03:15;0,0
2024-09-03;03:15;03:30;0,568
2024-09-03;03:30;03:45;0,168
2024-09-03;03:45;04:00;0,0
2024-09-03;04:00;04:15;15,556
2024-09-03;04:15;04:30;50,652
2024-09-03;04:30;04:45;4,904
2024-09-03;04:45;05:00;22,812
2024-09-03;05:00;05:15;20,376
2024-09-03;05:15;05:30;1,296
2024-09-03;05:30;05:45;0,004
2024-09-03;05:45;06:00;0,152
2024-09-03;06:00;06:15;0,0
2024-09-03;06:15;06:30;0,0
2024-09-03;06:30;06:45;0,0
2024-09-03;06:45;07:00;0,0
2024-09-03;07:00;07:15;0,0
2024-09-03;07:15;07:30;0,0
2024-09-03;07:30;07:45;0,0
2024-09-03;07:45;08:00;0,576
2024-09-03;08:00;08:15;0,0
2024-09-03;08:15;08:30;10,636
2024-09-03;08:30;08:45;11,9
2024-09-03;08:45;09:00;20,124
2024-09-03;09:00;09:15;44,184
2024-09-03;09:15;09:30;13,368
2024-09-03;09:30;09:45;0,248
2024-09-03;09:45;10:00;0,024
2024-09-03;10:00;10:15;7,564
2024-09-03;10:15;10:30;4,38
2024-09-03;10:30;10:45;0,0
2024-09-03;10:45;11:00;0,396
2024-09-03;11:00;11:15;5,328
2024-09-03;11:15;11:30;27,524
2024-09-03;11:30;11:45;19,86
2024-09-03;11:45;12:00;0,016
2024-09-03;12:00;12:15;0,0
2024-09-03;12:15;12:30;2,608
2024-09-03;12:30;12:45;15,572
2024-09-03;12:45;13:00;6,952
2024-09-03;13:00;13:15;0,0
2024-09-03;13:15;13:30;0,0
2024-09-03;13:30;13:45;0,0
2024-09-03;13:45;14:00;0,592
2024-09-03;14:00;14:15;1,512
2024-09-03;14:15;14:30;0,0
2024-09-03;14:30;14:45;0,1
2024-09-03;14:45;15:00;0,012
2024-09-03;15:00;15:15;0,032
2024-09-03;15:15;15:30;14,82
2024-09-03;15:30;15:45;0,0
2024-09-03;15:45;16:00;0,0
2024-09-03;16:00;16:15;0,0
2024-09-03;16:15;16:30;0,0
2024-09-03;16:30;16:45;0,0
2024-09-03;16:45;17:00;42,36
2024-09-03;17:00;17:15;37,404
2024-09-03;17:15;17:30;9,564
2024-09-03;17:30;17:45;1,864
2024-09-03;17:45;18:00;7,104
2024-09-03;18:00;18:15;11,416
2024-09-03;18:15;18:30;44,168
2024-09-03;18:30;18:45;37,692
2024-09-03;18:45;19:00;40,816
2024-09-03;19:00;19:15;8,032
2024-09-03;19:15;19:30;0,0
2024-09-03;19:30;19:45;0,0
2024-09-03;19:45;20:00;0,0
2024-09-03;20:00;20:15;0,0
2024-09-03;20:15;20:30;0,0
2024-09-03;20:30;20:45;0,0
2024-09-03;20:45;21:00;0,0
2024-09-03;21:00;21:15;1,548
2024-09-03;21:15;21:30;2,4
2024-09-03;21:30;21:45;20,988
2024-09-03;21:45;22:00;40,884
2024-09-03;22:00;22:15;14,516
2024-09-03;22:15;22:30;20,78
2024-09-03;22:30;22:45;1,132
2024-09-03;22:45;23:00;38,236
2024-09-03;23:00;23:15;10,672
2024-09-03;23:15;23:30;0,008
2024-09-03;23:30;23:45;0,456
2024-09-03;23:45;00:00;0,0
2024-09-04;00:00;00:15;0,0
2024-09-04;00:15;00:30;0,0
2024-09-04;00:30;00:45;0,0
2024-09-04;00:45;01:00;0,0
2024-09-04;01:00;01:15;0,912
2024-09-04;01:15;01:30;0,196
2024-09-04;01:30;01:45;0,456
2024-09-04;01:45;02:00;0,0
2024-09-04;02:00;02:15;1,972
2024-09-04;02:15;02:30;1,516
2024-09-04;02:30;02:45;0,108
2024-09-04;02:45;03:00;14,444
2024-09-04;03:00;03:15;5,172
2024-09-04;03:15;03:30;0,036
2024-09-04;03:30;03:45;0,012
2024-09-04;03:45;04:00;0,0
2024-09-04;04:00;04:15;0,496
2024-09-04;04:15;04:30;2,844
2024-09-04;04:30;04:45;0,0
2024-09-04;04:45;05:00;0,052
2024-09-04;05:00;05:15;32,564
2024-09-04;05:15;05:30;20,392
2024-09-04;05:30;05:45;117,72
2024-09-04;05:45;06:00;7,664
2024-09-04;06:00;06:15;12,356
2024-09-04;06:15;06:30;0,0
2024-09-04;06:30;06:45;0,0
2024-09-04;06:45;07:00;0,0
2024-09-04;07:00;07:15;0,36
2024-09-04;07:15;07:30;0,368
2024-09-04;07:30;07:45;29,736
2024-09-04;07:45;08:00;18,06
2024-09-04;08:00;08:15;0,032
2024-09-04;08:15;08:30;0,0
2024-09-04;08:30;08:45;3,504
2024-09-04;08:45;09:00;0,024
2024-09-04;09:00;09:15;0,0
2024-09-04;09:15;09:30;0,04
2024-09-04;09:30;09:45;0,34
2024-09-04;09:45;10:00;0,016
2024-09-04;10:00;10:15;0,392
2024-09-04;10:15;10:30;9,7
2024-09-04;10:30;10:45;5,552
2024-09-04;10:45;11:00;14,38
2024-09-04;11:00;11:15;50,16
2024-09-04;11:15;11:30;190,956
2024-09-04;11:30;11:45;176,508
2024-09-04;11:45;12:00;32,004
2024-09-04;12:00;12:15;1,184
2024-09-04;12:15;12:30;0,04
2024-09-04;12:30;12:45;2,956
2024-09-04;12:45;13:00;49,916
2024-09-04;13:00;13:15;9,652
2024-09-04;13:15;13:30;3,9
2024-09-04;13:30;13:45;14,748
2024-09-04;13:45;14:00;8,576
2024-09-04;14:00;14:15;0,012
2024-09-04;14:15;14:30;0,0
2024-09-04;14:30;14:45;0,0
2024-09-04;14:45;15:00;0,0
2024-09-04;15:00;15:15;0,0
2024-09-04;15:15;15:30;3,312
2024-09-04;15:30;15:45;0,192
2024-09-04;15:45;16:00;0,0
2024-09-04;16:00;16:15;0,0
2024-09-04;16:15;16:30;0,0
2024-09-04;16:30;16:45;0,0
2024-09-04;16:45;17:00;29,224
2024-09-04;17:00;17:15;40,236
2024-09-04;17:15;17:30;11,5
2024-09-04;17:30;17:45;9,788
2024-09-04;17:45;18:00;0,052
2024-09-04;18:00;18:15;0,0
2024-09-04;18:15;18:30;0,0
2024-09-04;18:30;18:45;0,0
2024-09-04;18:45;19:00;0,012
2024-09-04;19:00;19:15;0,0
2024-09-04;19:15;19:30;0,0
2024-09-04;19:30;19:45;0,0
2024-09-04;19:45;20:00;0,0
2024-09-04;20:00;20:15;0,0
2024-09-04;20:15;20:30;0,0
2024-09-04;20:30;20:45;0,128
2024-09-04;20:45;21:00;47,796
2024-09-04;21:00;21:15;66,392
2024-09-04;21:15;21:30;71,592
2024-09-04;21:30;21:45;64,976
2024-09-04;21:45;22:00;72,276
2024-09-04;22:00;22:15;0,244
2024-09-04;22:15;22:30;6,292
2024-09-04;22:30;22:45;2,936
2024-09-04;22:45;23:00;0,156
2024-09-04;23:00;23:15;32,844
2024-09-04;23:15;23:30;137,656
2024-09-04;23:30;23:45;45,052
2024-09-04;23:45;00:00;1,5
2024-09-05;00:00;00:15;0,0
2024-09-05;00:15;00:30;0,02
2024-09-05;00:30;00:45;7,408
2024-09-05;00:45;01:00;6,828
2024-09-05;01:00;01:15;7,312
2024-09-05;01:15;01:30;12,556
2024-09-05;01:30;01:45;9,412
2024-09-05;01:45;02:00;36,088
2024-09-05;02:00;02:15;10,168
2024-09-05;02:15;02:30;5,824
2024-09-05;02:30;02:45;0,916
2024-09-05;02:45;03:00;0,0
2024-09-05;03:00;03:15;0,0
2024-09-05;03:15;03:30;0,128
2024-09-05;03:30;03:45;46,292
2024-09-05;03:45;04:00;106,04
2024-09-05;04:00;04:15;130,264
2024-09-05;04:15;04:30;162,8
2024-09-05;04:30;04:45;107,908
2024-09-05;04:45;05:00;29,044
2024-09-05;05:00;05:15;0,064
2024-09-05;05:15;05:30;0,064
2024-09-05;05:30;05:45;0,428
2024-09-05;05:45;06:00;6,788
2024-09-05;06:00;06:15;57,664
2024-09-05;06:15;06:30;16,936
2024-09-05;06:30;06:45;7,3
2024-09-05;06:45;07:00;62,924
2024-09-05;07:00;07:15;6,764
2024-09-05;07:15;07:30;0,0
2024-09-05;07:30;07:45;0,0
2024-09-05;07:45;08:00;0,0
2024-09-05;08:00;08:15;0,0
2024-09-05;08:15;08:30;0,0
2024-09-05;08:30;08:45;0,0
2024-09-05;08:45;09:00;0,0
2024-09-05;09:00;09:15;23,004
2024-09-05;09:15;09:30;10,932
2024-09-05;09:30;09:45;12,304
2024-09-05;09:45;10:00;17,268
2024-09-05;10:00;10:15;37,776
2024-09-05;10:15;10:30;18,464
2024-09-05;10:30;10:45;18,72
2024-09-05;10:45;11:00;31,152
2024-09-05;11:00;11:15;0,328
2024-09-05;11:15;11:30;1,94
2024-09-05;11:30;11:45;26,58
2024-09-05;11:45;12:00;41,244
2024-09-05;12:00;12:15;11,88
2024-09-05;12:15;12:30;6,036
2024-09-05;12:30;12:45;0,636
2024-09-05;12:45;13:00;5,772
2024-09-05;13:00;13:15;0,668
2024-09-05;13:15;13:30;1,62
2024-09-05;13:30;13:45;1,408
2024-09-05;13:45;14:00;1,44
2024-09-05;14:00;14:15;0,0
2024-09-05;14:15;14:30;0,436
2024-09-05;14:30;14:45;0,544
2024-09-05;14:45;15:00;0,4
2024-09-05;15:00;15:15;1,488
2024-09-05;15:15;15:30;2,596
2024-09-05;15:30;15:45;0,512
2024-09-05;15:45;16:00;0,0
2024-09-05;16:00;16:15;0,0
2024-09-05;16:15;16:30;1,196
2024-09-05;16:30;16:45;0,0
2024-09-05;16:45;17:00;0,0
2024-09-05;17:00;17:15;1,444
2024-09-05;17:15;17:30;0,0
2024-09-05;17:30;17:45;0,0
2024-09-05;17:45;18:00;0,0
2024-09-05;18:00;18:15;23,156
2024-09-05;18:15;18:30;26,844
2024-09-05;18:30;18:45;38,944
2024-09-05;18:45;19:00;8,316
2024-09-05;19:00;19:15;6,52
2024-09-05;19:15;19:30;5,04
2024-09-05;19:30;19:45;4,324
2024-09-05;19:45;20:00;38,64
2024-09-05;20:00;20:15;0,0
2024-09-05;20:15;20:30;15,244
2024-09-05;20:30;20:45;18,7
2024-09-05;20:45;21:00;45,8
2024-09-05;21:00;21:15;163,936
2024-09-05;21:15;21:30;171,66
2024-09-05;21:30;21:45;206,672
2024-09-05;21:45;22:00;179,336
2024-09-05;22:00;22:15;21,032
2024-09-05;22:15;22:30;17,384
2024-09-05;22:30;22:45;36,952
2024-09-05;22:45;23:00;60,736
2024-09-05;23:00;23:15;11,128
2024-09-05;23:15;23:30;1,996
2024-09-05;23:30;23:45;1,116
2024-09-05;23:45;00:00;0,412
2024-09-06;00:00;00:15;0,0
2024-09-06;00:15;00:30;0,0
2024-09-06;00:30;00:45;0,0
2024-09-06;00:45;01:00;0,0
2024-09-06;01:00;01:15;1,668
2024-09-06;01:15;01:30;1,22
2024-09-06;01:30;01:45;0,908
2024-09-06;01:45;02:00;0,308
2024-09-06;02:00;02:15;0,468
2024-09-06;02:15;02:30;0,016
2024-09-06;02:30;02:45;2,66
2024-09-06;02:45;03:00;0,0
2024-09-06;03:00;03:15;0,0
2024-09-06;03:15;03:30;0,0
2024-09-06;03:30;03:45;0,0
2024-09-06;03:45;04:00;0,0
2024-09-06;04:00;04:15;0,008
2024-09-06;04:15;04:30;0,0
2024-09-06;04:30;04:45;0,0
2024-09-06;04:45;05:00;0,0
2024-09-06;05:00;05:15;0,0
2024-09-06;05:15;05:30;0,0
2024-09-06;05:30;05:45;0,032
2024-09-06;05:45;06:00;0,0
2024-09-06;06:00;06:15;0,0
2024-09-06;06:15;06:30;0,0
2024-09-06;06:30;06:45;0,0
2024-09-06;06:45;07:00;0,0
2024-09-06;07:00;07:15;0,0
2024-09-06;07:15;07:30;0,0
2024-09-06;07:30;07:45;0,0
2024-09-06;07:45;08:00;0,0
2024-09-06;08:00;08:15;4,18
2024-09-06;08:15;08:30;21,356
2024-09-06;08:30;08:45;53,456
2024-09-06;08:45;09:00;11,104
2024-09-06;09:00;09:15;1,096
2024-09-06;09:15;09:30;0,0
2024-09-06;09:30;09:45;0,024
2024-09-06;09:45;10:00;0,044
2024-09-06;10:00;10:15;0,108
2024-09-06;10:15;10:30;21,136
2024-09-06;10:30;10:45;7,724
2024-09-06;10:45;11:00;0,724
2024-09-06;11:00;11:15;3,448
2024-09-06;11:15;11:30;0,028
2024-09-06;11:30;11:45;8,34
2024-09-06;11:45;12:00;57,316
2024-09-06;12:00;12:15;46,312
2024-09-06;12:15;12:30;31,888
2024-09-06;12:30;12:45;0,0
2024-09-06;12:45;13:00;4,524
2024-09-06;13:00;13:15;0,0
2024-09-06;13:15;13:30;1,804
2024-09-06;13:30;13:45;15,548
2024-09-06;13:45;14:00;22,564
2024-09-06;14:00;14:15;4,156
2024-09-06;14:15;14:30;45,8
2024-09-06;14:30;14:45;15,508
2024-09-06;14:45;15:00;0,0
2024-09-06;15:00;15:15;0,0
2024-09-06;15:15;15:30;0,0
2024-09-06;15:30;15:45;0,0
2024-09-06;15:45;16:00;0,0
2024-09-06;16:00;16:15;50,436
2024-09-06;16:15;16:30;29,72
2024-09-06;16:30;16:45;8,48
2024-09-06;16:45;17:00;40,112
2024-09-06;17:00;17:15;14,86
2024-09-06;17:15;17:30;17,464
2024-09-06;17:30;17:45;0,0
2024-09-06;17:45;18:00;44,792
2024-09-06;18:00;18:15;0,08
2024-09-06;18:15;18:30;11,096
2024-09-06;18:30;18:45;14,492
2024-09-06;18:45;19:00;8,928
2024-09-06;19:00;19:15;0,0
2024-09-06;19:15;19:30;0,0
2024-09-06;19:30;19:45;40,32
2024-09-06;19:45;20:00;76,136
2024-09-06;20:00;20:15;82,84
2024-09-06;20:15;20:30;19,696
2024-09-06;20:30;20:45;19,308
2024-09-06;20:45;21:00;47,436
2024-09-06;21:00;21:15;28,904
2024-09-06;21:15;21:30;61,456
2024-09-06;21:30;21:45;122,048
2024-09-06;21:45;22:00;80,532
2024-09-06;22:00;22:15;67,112
2024-09-06;22:15;22:30;54,94
2024-09-06;22:30;22:45;22,224
2024-09-06;22:45;23:00;35,52
2024-09-06;23:00;23:15;15,524
2024-09-06;23:15;23:30;0,0
2024-09-06;23:30;23:45;0,0
2024-09-06;23:45;00:00;11,812
2024-09-07;00:00;00:15;3,268
2024-09-07;00:15;00:30;0,0
2024-09-07;00:30;00:45;0,004
2024-09-07;00:45;01:00;13,188
2024-09-07;01:00;01:15;8,984
2024-09-07;01:15;01:30;27,028
2024-09-07;01:30;01:45;2,928
2024-09-07;01:45;02:00;0,6
2024-09-07;02:00;02:15;0,428
2024-09-07;02:15;02:30;32,524
2024-09-07;02:30;02:45;33,436
2024-09-07;02:45;03:00;8,22
2024-09-07;03:00;03:15;6,492
2024-09-07;03:15;03:30;1,52
2024-09-07;03:30;03:45;21,34
2024-09-07;03:45;04:00;102,348
2024-09-07;04:00;04:15;10,544
2024-09-07;04:15;04:30;6,848
2024-09-07;04:30;04:45;20,108
2024-09-07;04:45;05:00;2,484
2024-09-07;05:00;05:15;0,236
2024-09-07;05:15;05:30;0,7
2024-09-07;05:30;05:45;0,0
2024-09-07;05:45;06:00;2,26
2024-09-07;06:00;06:15;6,924
2024-09-07;06:15;06:30;0,0
2024-09-07;06:30;06:45;8,484
2024-09-07;06:45;07:00;77,708
2024-09-07;07:00;07:15;49,44
2024-09-07;07:15;07:30;17,212
2024-09-07;07:30;07:45;32,444
2024-09-07;07:45;08:00;91,568
2024-09-07;08:00;08:15;26,62
2024-09-07;08:15;08:30;48,784
2024-09-07;08:30;08:45;24,584
2024-09-07;08:45;09:00;1,792
2024-09-07;09:00;09:15;0,0
2024-09-07;09:15;09:30;0,0
2024-09-07;09:30;09:45;0,612
2024-09-07;09:45;10:00;3,812
2024-09-07;10:00;10:15;21,076
2024-09-07;10:15;10:30;28,06
2024-09-07;10:30;10:45;20,428
2024-09-07;10:45;11:00;73,616
2024-09-07;11:00;11:15;22,172
2024-09-07;11:15;11:30;21,488
2024-09-07;11:30;11:45;7,664
2024-09-07;11:45;12:00;3,228
2024-09-07;12:00;12:15;20,42
2024-09-07;12:15;12:30;18,848
2024-09-07;12:30;12:45;14,088
2024-09-07;12:45;13:00;11,312
2024-09-07;13:00;13:15;1,044
2024-09-07;13:15;13:30;14,7
2024-09-07;13:30;13:45;15,276
2024-09-07;13:45;14:00;0,444
2024-09-07;14:00;14:15;1,148
2024-09-07;14:15;14:30;5,052
2024-09-07;14:30;14:45;0,0
2024-09-07;14:45;15:00;0,0
2024-09-07;15:00;15:15;15,296
2024-09-07;15:15;15:30;18,06
2024-09-07;15:30;15:45;0,0
2024-09-07;15:45;16:00;0,0
2024-09-07;16:00;16:15;0,0
2024-09-07;16:15;16:30;6,74
2024-09-07;16:30;16:45;0,0
2024-09-07;16:45;17:00;28,216
2024-09-07;17:00;17:15;53,044
2024-09-07;17:15;17:30;30,864
2024-09-07;17:30;17:45;0,388
2024-09-07;17:45;18:00;34,44
2024-09-07;18:00;18:15;74,392
2024-09-07;18:15;18:30;14,84
2024-09-07;18:30;18:45;5,788
2024-09-07;18:45;19:00;0,168
2024-09-07;19:00;19:15;8,788
2024-09-07;19:15;19:30;0,0
2024-09-07;19:30;19:45;38,784
2024-09-07;19:45;20:00;26,916
2024-09-07;20:00;20:15;1,708
2024-09-07;20:15;20:30;2,14
2024-09-07;20:30;20:45;34,836
2024-09-07;20:45;21:00;147,076
2024-09-07;21:00;21:15;4,236
2024-09-07;21:15;21:30;21,44
2024-09-07;21:30;21:45;67,704
2024-09-07;21:45;22:00;109,824
2024-09-07;22:00;22:15;14,428
2024-09-07;22:15;22:30;17,476
2024-09-07;22:30;22:45;8,336
2024-09-07;22:45;23:00;7,656
2024-09-07;23:00;23:15;0,0
2024-09-07;23:15;23:30;0,0
2024-09-07;23:30;23:45;0,0
2024-09-07;23:45;00:00;1,416
2024-09-08;00:00;00:15;0,98
2024-09-08;00:15;00:30;6,496
2024-09-08;00:30;00:45;5,012
2024-09-08;00:45;01:00;0,0
2024-09-08;01:00;01:15;0,128
2024-09-08;01:15;01:30;2,58
2024-09-08;01:30;01:45;33,856
2024-09-08;01:45;02:00;4,0
2024-09-08;02:00;02:15;8,836
2024-09-08;02:15;02:30;23,74
2024-09-08;02:30;02:45;19,94
2024-09-08;02:45;03:00;1,536
2024-09-08;03:00;03:15;0,0
2024-09-08;03:15;03:30;0,0
2024-09-08;03:30;03:45;0,0
2024-09-08;03:45;04:00;0,0
2024-09-08;04:00;04:15;2,3
2024-09-08;04:15;04:30;4,136
2024-09-08;04:30;04:45;16,82
2024-09-08;04:45;05:00;11,808
2024-09-08;05:00;05:15;54,18
2024-09-08;05:15;05:30;8,748
2024-09-08;05:30;05:45;2,12
2024-09-08;05:45;06:00;0,004
2024-09-08;06:00;06:15;0,0
2024-09-08;06:15;06:30;0,0
2024-09-08;06:30;06:45;0,0
2024-09-08;06:45;07:00;0,0
2024-09-08;07:00;07:15;1,2
2024-09-08;07:15;07:30;44,212
2024-09-08;07:30;07:45;10,688
2024-09-08;07:45;08:00;32,952
2024-09-08;08:00;08:15;1,884
2024-09-08;08:15;08:30;0,524
2024-09-08;08:30;08:45;0,0
2024-09-08;08:45;09:00;0,0
2024-09-08;09:00;09:15;0,012
2024-09-08;09:15;09:30;1,536
2024-09-08;09:30;09:45;0,836
2024-09-08;09:45;10:00;0,084
2024-09-08;10:00;10:15;0,136
2024-09-08;10:15;10:30;0,0
2024-09-08;10:30;10:45;0,948
2024-09-08;10:45;11:00;1,048
2024-09-08;11:00;11:15;0,168
2024-09-08;11:15;11:30;1,524
2024-09-08;11:30;11:45;5,48
2024-09-08;11:45;12:00;0,088
2024-09-08;12:00;12:15;1,228
2024-09-08;12:15;12:30;0,04
2024-09-08;12:30;12:45;1,332
2024-09-08;12:45;13:00;1,924
2024-09-08;13:00;13:15;0,0
2024-09-08;13:15;13:30;0,836
2024-09-08;13:30;13:45;0,484
2024-09-08;13:45;14:00;0,692
2024-09-08;14:00;14:15;1,656
2024-09-08;14:15;14:30;0,884
2024-09-08;14:30;14:45;0,0
2024-09-08;14:45;15:00;0,0
2024-09-08;15:00;15:15;0,0
2024-09-08;15:15;15:30;0,0
2024-09-08;15:30;15:45;0,0
2024-09-08;15:45;16:00;0,0
2024-09-08;16:00;16:15;0,0
2024-09-08;16:15;16:30;0,0
2024-09-08;16:30;16:45;0,0
2024-09-08;16:45;17:00;0,0
2024-09-08;17:00;17:15;0,424
2024-09-08;17:15;17:30;0,052
2024-09-08;17:30;17:45;0,0
2024-09-08;17:45;18:00;23,112
2024-09-08;18:00;18:15;10,44
2024-09-08;18:15;18:30;9,468
2024-09-08;18:30;18:45;19,764
2024-09-08;18:45;19:00;118,524
2024-09-08;19:00;19:15;12,184
2024-09-08;19:15;19:30;1,004
2024-09-08;19:30;19:45;0,276
2024-09-08;19:45;20:00;2,468
2024-09-08;20:00;20:15;6,452
2024-09-08;20:15;20:30;2,184
2024-09-08;20:30;20:45;7,388
2024-09-08;20:45;21:00;19,9
2024-09-08;21:00;21:15;46,284
2024-09-08;21:15;21:30;72,244
2024-09-08;21:30;21:45;49,732
2024-09-08;21:45;22:00;27,728
2024-09-08;22:00;22:15;6,144
2024-09-08;22:15;22:30;18,824
2024-09-08;22:30;22:45;4,836
2024-09-08;22:45;23:00;0,012
2024-09-08;23:00;23:15;0,0
2024-09-08;23:15;23:30;1,228
2024-09-08;23:30;23:45;1,112
2024-09-08;23:45;00:00;0,072
2024-09-09;00:00;00:15;0,0
2024-09-09;00:15;00:30;0,0
2024-09-09;00:30;00:45;0,04
2024-09-09;00:45;01:00;7,484
2024-09-09;01:00;01:15;3,636
2024-09-09;01:15;01:30;0,0
2024-09-09;01:30;01:45;7,536
2024-09-09;01:45;02:00;33,572
2024-09-09;02:00;02:15;3,852
2024-09-09;02:15;02:30;1,124
2024-09-09;02:30;02:45;0,376
2024-09-09;02:45;03:00;0,0
2024-09-09;03:00;03:15;0,0
2024-09-09;03:15;03:30;0,0
2024-09-09;03:30;03:45;0,0
2024-09-09;03:45;04:00;0,0
2024-09-09;04:00;04:15;1,56
2024-09-09;04:15;04:30;0,408
2024-09-09;04:30;04:45;0,0
2024-09-09;04:45;05:00;0,0
2024-09-09;05:00;05:15;0,0
2024-09-09;05:15;05:30;7,72
2024-09-09;05:30;05:45;0,0
2024-09-09;05:45;06:00;16,448
2024-09-09;06:00;06:15;53,144
2024-09-09;06:15;06:30;0,0
2024-09-09;06:30;06:45;0,0
2024-09-09;06:45;07:00;0,0
2024-09-09;07:00;07:15;0,72
2024-09-09;07:15;07:30;0,0
2024-09-09;07:30;07:45;0,0
2024-09-09;07:45;08:00;0,0
2024-09-09;08:00;08:15;0,0
2024-09-09;08:15;08:30;0,0
2024-09-09;08:30;08:45;0,0
2024-09-09;08:45;09:00;0,0
2024-09-09;09:00;09:15;5,244
2024-09-09;09:15;09:30;18,712
2024-09-09;09:30;09:45;20,028
2024-09-09;09:45;10:00;12,292
2024-09-09;10:00;10:15;0,0
2024-09-09;10:15;10:30;0,156
2024-09-09;10:30;10:45;6,724
2024-09-09;10:45;11:00;116,368
2024-09-09;11:00;11:15;219,464
2024-09-09;11:15;11:30;133,924
2024-09-09;11:30;11:45;21,976
2024-09-09;11:45;12:00;51,532
2024-09-09;12:00;12:15;6,968
2024-09-09;12:15;12:30;0,0
2024-09-09;12:30;12:45;34,428
2024-09-09;12:45;13:00;253,764
2024-09-09;13:00;13:15;200,14
2024-09-09;13:15;13:30;100,052
2024-09-09;13:30;13:45;96,12
2024-09-09;13:45;14:00;25,296
2024-09-09;14:00;14:15;0,1
2024-09-09;14:15;14:30;0,0
2024-09-09;14:30;14:45;12,756
2024-09-09;14:45;15:00;58,988
2024-09-09;15:00;15:15;35,644
2024-09-09;15:15;15:30;0,0
2024-09-09;15:30;15:45;0,0
2024-09-09;15:45;16:00;0,088
2024-09-09;16:00;16:15;72,86
2024-09-09;16:15;16:30;132,736
2024-09-09;16:30;16:45;138,928
2024-09-09;16:45;17:00;29,388
2024-09-09;17:00;17:15;12,656
2024-09-09;17:15;17:30;15,464
2024-09-09;17:30;17:45;4,276
2024-09-09;17:45;18:00;14,636
2024-09-09;18:00;18:15;0,0
2024-09-09;18:15;18:30;26,364
2024-09-09;18:30;18:45;82,024
2024-09-09;18:45;19:00;18,632
2024-09-09;19:00;19:15;106,632
2024-09-09;19:15;19:30;5,568
2024-09-09;19:30;19:45;25,412
2024-09-09;19:45;20:00;34,044
2024-09-09;20:00;20:15;0,644
2024-09-09;20:15;20:30;0,0
2024-09-09;20:30;20:45;3,232
2024-09-09;20:45;21:00;42,392
2024-09-09;21:00;21:15;41,14
2024-09-09;21:15;21:30;40,236
2024-09-09;21:30;21:45;12,404
2024-09-09;21:45;22:00;40,184
2024-09-09;22:00;22:15;25,632
2024-09-09;22:15;22:30;28,48
2024-09-09;22:30;22:45;1,864
2024-09-09;22:45;23:00;1,96
2024-09-09;23:00;23:15;3,128
2024-09-09;23:15;23:30;6,912
2024-09-09;23:30;23:45;10,936
2024-09-09;23:45;00:00;89,2
2024-09-10;00:00;00:15;19,62
2024-09-10;00:15;00:30;0,044
2024-09-10;00:30;00:45;0,384
2024-09-10;00:45;01:00;0,0
2024-09-10;01:00;01:15;0,044
2024-09-10;01:15;01:30;0,0
2024-09-10;01:30;01:45;0,0
2024-09-10;01:45;02:00;0,0
2024-09-10;02:00;02:15;0,78
2024-09-10;02:15;02:30;1,092
2024-09-10;02:30;02:45;0,772
2024-09-10;02:45;03:00;1,48
2024-09-10;03:00;03:15;0,0
2024-09-10;03:15;03:30;0,0
2024-09-10;03:30;03:45;0,0
2024-09-10;03:45;04:00;0,6
2024-09-10;04:00;04:15;5,004
2024-09-10;04:15;04:30;7,3
2024-09-10;04:30;04:45;0,332
2024-09-10;04:45;05:00;7,936
2024-09-10;05:00;05:15;19,992
2024-09-10;05:15;05:30;2,264
2024-09-10;05:30;05:45;1,016
2024-09-10;05:45;06:00;0,0
2024-09-10;06:00;06:15;0,0
2024-09-10;06:15;06:30;0,0
2024-09-10;06:30;06:45;0,0
2024-09-10;06:45;07:00;7,396
2024-09-10;07:00;07:15;4,52
2024-09-10;07:15;07:30;0,0
2024-09-10;07:30;07:45;0,368
2024-09-10;07:45;08:00;5,728
2024-09-10;08:00;08:15;6,372
2024-09-10;08:15;08:30;20,936
2024-09-10;08:30;08:45;1,3
2024-09-10;08:45;09:00;0,0
2024-09-10;09:00;09:15;2,676
2024-09-10;09:15;09:30;7,204
2024-09-10;09:30;09:45;42,12
2024-09-10;09:45;10:00;89,1
2024-09-10;10:00;10:15;11,76
2024-09-10;10:15;10:30;0,0
2024-09-10;10:30;10:45;0,0
2024-09-10;10:45;11:00;0,0
2024-09-10;11:00;11:15;2,984
2024-09-10;11:15;11:30;19,268
2024-09-10;11:30;11:45;28,596
2024-09-10;11:45;12:00;43,38
2024-09-10;12:00;12:15;4,852
2024-09-10;12:15;12:30;5,088
2024-09-10;12:30;12:45;0,596
2024-09-10;12:45;13:00;0,0
2024-09-10;13:00;13:15;0,0
2024-09-10;13:15;13:30;6,94
2024-09-10;13:30;13:45;7,864
2024-09-10;13:45;14:00;2,076
2024-09-10;14:00;14:15;10,552
2024-09-10;14:15;14:30;0,672
2024-09-10;14:30;14:45;1,04
2024-09-10;14:45;15:00;0,224
2024-09-10;15:00;15:15;1,024
2024-09-10;15:15;15:30;3,048
2024-09-10;15:30;15:45;0,568
2024-09-10;15:45;16:00;11,124
2024-09-10;16:00;16:15;3,152
2024-09-10;16:15;16:30;2,84
2024-09-10;16:30;16:45;3,776
2024-09-10;16:45;17:00;0,0
2024-09-10;17:00;17:15;0,0
2024-09-10;17:15;17:30;0,712
2024-09-10;17:30;17:45;0,588
2024-09-10;17:45;18:00;0,012
2024-09-10;18:00;18:15;0,0
2024-09-10;18:15;18:30;0,0
2024-09-10;18:30;18:45;0,0
2024-09-10;18:45;19:00;0,0
2024-09-10;19:00;19:15;0,0
2024-09-10;19:15;19:30;0,012
2024-09-10;19:30;19:45;0,0
2024-09-10;19:45;20:00;0,0
2024-09-10;20:00;20:15;0,0
2024-09-10;20:15;20:30;0,32
2024-09-10;20:30;20:45;16,292
2024-09-10;20:45;21:00;73,272
2024-09-10;21:00;21:15;84,74
2024-09-10;21:15;21:30;124,204
2024-09-10;21:30;21:45;65,052
2024-09-10;21:45;22:00;101,032
2024-09-10;22:00;22:15;11,708
2024-09-10;22:15;22:30;16,296
2024-09-10;22:30;22:45;14,864
2024-09-10;22:45;23:00;5,232
2024-09-10;23:00;23:15;16,364
2024-09-10;23:15;23:30;52,62
2024-09-10;23:30;23:45;24,808
2024-09-10;23:45;00:00;11,956
2024-09-11;00:00;00:15;0,156
2024-09-11;00:15;00:30;0,0
2024-09-11;00:30;00:45;0,0
2024-09-11;00:45;01:00;3,408
2024-09-11;01:00;01:15;1,232
2024-09-11;01:15;01:30;0,288
2024-09-11;01:30;01:45;14,736
2024-09-11;01:45;02:00;1,436
2024-09-11;02:00;02:15;0,104
2024-09-11;02:15;02:30;0,404
2024-09-11;02:30;02:45;2,68
2024-09-11;02:45;03:00;1,956
2024-09-11;03:00;03:15;45,784
2024-09-11;03:15;03:30;10,728
2024-09-11;03:30;03:45;3,396
2024-09-11;03:45;04:00;1,424
2024-09-11;04:00;04:15;0,0
2024-09-11;04:15;04:30;23,572
2024-09-11;04:30;04:45;27,228
2024-09-11;04:45;05:00;1,2
2024-09-11;05:00;05:15;14,768
2024-09-11;05:15;05:30;0,0
2024-09-11;05:30;05:45;0,0
2024-09-11;05:45;06:00;0,0
2024-09-11;06:00;06:15;83,688
2024-09-11;06:15;06:30;95,432
2024-09-11;06:30;06:45;28,436
2024-09-11;06:45;07:00;0,0
2024-09-11;07:00;07:15;3,036
2024-09-11;07:15;07:30;0,032
2024-09-11;07:30;07:45;0,0
2024-09-11;07:45;08:00;0,0
2024-09-11;08:00;08:15;19,452
2024-09-11;08:15;08:30;3,02
2024-09-11;08:30;08:45;33,972
2024-09-11;08:45;09:00;64,412
2024-09-11;09:00;09:15;129,544
2024-09-11;09:15;09:30;46,148
2024-09-11;09:30;09:45;0,448
2024-09-11;09:45;10:00;4,016
2024-09-11;10:00;10:15;30,544
2024-09-11;10:15;10:30;5,512
2024-09-11;10:30;10:45;0,0
2024-09-11;10:45;11:00;0,0
2024-09-11;11:00;11:15;33,256
2024-09-11;11:15;11:30;118,452
2024-09-11;11:30;11:45;27,068
2024-09-11;11:45;12:00;27,1
2024-09-11;12:00;12:15;0,764
2024-09-11;12:15;12:30;0,54
2024-09-11;12:30;12:45;0,032
2024-09-11;12:45;13:00;0,0
2024-09-11;13:00;13:15;0,0
2024-09-11;13:15;13:30;0,0
2024-09-11;13:30;13:45;1,252
2024-09-11;13:45;14:00;4,416
2024-09-11;14:00;14:15;4,104
2024-09-11;14:15;14:30;1,596
2024-09-11;14:30;14:45;0,26
2024-09-11;14:45;15:00;0,0
2024-09-11;15:00;15:15;0,944
2024-09-11;15:15;15:30;0,492
2024-09-11;15:30;15:45;0,0
2024-09-11;15:45;16:00;12,548
2024-09-11;16:00;16:15;1,384
2024-09-11;16:15;16:30;0,0
2024-09-11;16:30;16:45;0,0
2024-09-11;16:45;17:00;0,0
2024-09-11;17:00;17:15;3,464
2024-09-11;17:15;17:30;9,668
2024-09-11;17:30;17:45;0,0
2024-09-11;17:45;18:00;13,684
2024-09-11;18:00;18:15;78,68
2024-09-11;18:15;18:30;60,784
2024-09-11;18:30;18:45;30,632
2024-09-11;18:45;19:00;0,0
2024-09-11;19:00;19:15;0,316
2024-09-11;19:15;19:30;1,508
2024-09-11;19:30;19:45;0,0
2024-09-11;19:45;20:00;0,032
2024-09-11;20:00;20:15;0,78
2024-09-11;20:15;20:30;0,724
2024-09-11;20:30;20:45;11,088
2024-09-11;20:45;21:00;16,588
2024-09-11;21:00;21:15;28,56
2024-09-11;21:15;21:30;60,36
2024-09-11;21:30;21:45;100,984
2024-09-11;21:45;22:00;109,364
2024-09-11;22:00;22:15;73,968
2024-09-11;22:15;22:30;104,632
2024-09-11;22:30;22:45;19,804
2024-09-11;22:45;23:00;103,82
2024-09-11;23:00;23:15;5,192
2024-09-11;23:15;23:30;12,42
2024-09-11;23:30;23:45;41,304
2024-09-11;23:45;00:00;61,752
2024-09-12;00:00;00:15;143,012
2024-09-12;00:15;00:30;147,472
2024-09-12;00:30;00:45;117,184
2024-09-12;00:45;01:00;121,676
2024-09-12;01:00;01:15;56,156
2024-09-12;01:15;01:30;0,0
2024-09-12;01:30;01:45;0,0
2024-09-12;01:45;02:00;21,216
2024-09-12;02:00;02:15;54,428
2024-09-12;02:15;02:30;128,764
2024-09-12;02:30;02:45;53,58
2024-09-12;02:45;03:00;111,748
2024-09-12;03:00;03:15;102,688
2024-09-12;03:15;03:30;0,0
2024-09-12;03:30;03:45;0,148
2024-09-12;03:45;04:00;0,0
2024-09-12;04:00;04:15;58,028
2024-09-12;04:15;04:30;108,128
2024-09-12;04:30;04:45;67,764
2024-09-12;04:45;05:00;15,088
2024-09-12;05:00;05:15;39,248
2024-09-12;05:15;05:30;67,352
2024-09-12;05:30;05:45;10,66
2024-09-12;05:45;06:00;22,908
2024-09-12;06:00;06:15;124,1
2024-09-12;06:15;06:30;76,728
2024-09-12;06:30;06:45;32,196
2024-09-12;06:45;07:00;11,1
2024-09-12;07:00;07:15;28,264
2024-09-12;07:15;07:30;0,0
2024-09-12;07:30;07:45;0,0
2024-09-12;07:45;08:00;0,0
2024-09-12;08:00;08:15;0,0
2024-09-12;08:15;08:30;0,0
2024-09-12;08:30;08:45;0,156
2024-09-12;08:45;09:00;27,524
2024-09-12;09:00;09:15;15,636
2024-09-12;09:15;09:30;44,152
2024-09-12;09:30;09:45;116,972
2024-09-12;09:45;10:00;82,676
2024-09-12;10:00;10:15;32,048
2024-09-12;10:15;10:30;77,392
2024-09-12;10:30;10:45;116,228
2024-09-12;10:45;11:00;73,096
2024-09-12;11:00;11:15;65,308
2024-09-12;11:15;11:30;19,42
2024-09-12;11:30;11:45;33,596
2024-09-12;11:45;12:00;140,568
2024-09-12;12:00;12:15;61,812
2024-09-12;12:15;12:30;32,26
2024-09-12;12:30;12:45;1,728
2024-09-12;12:45;13:00;9,816
2024-09-12;13:00;13:15;9,14
2024-09-12;13:15;13:30;42,38
2024-09-12;13:30;13:45;60,592
2024-09-12;13:45;14:00;49,56
2024-09-12;14:00;14:15;89,368
2024-09-12;14:15;14:30;187,82
2024-09-12;14:30;14:45;226,34
2024-09-12;14:45;15:00;161,18
2024-09-12;15:00;15:15;138,528
2024-09-12;15:15;15:30;11,256
2024-09-12;15:30;15:45;25,388
2024-09-12;15:45;16:00;31,672
2024-09-12;16:00;16:15;46,56
2024-09-12;16:15;16:30;99,484
2024-09-12;16:30;16:45;92,916
2024-09-12;16:45;17:00;28,84
2024-09-12;17:00;17:15;22,888
2024-09-12;17:15;17:30;0,0
2024-09-12;17:30;17:45;29,604
2024-09-12;17:45;18:00;90,156
2024-09-12;18:00;18:15;131,404
2024-09-12;18:15;18:30;130,404
2024-09-12;18:30;18:45;14,872
2024-09-12;18:45;19:00;3,632
2024-09-12;19:00;19:15;40,572
2024-09-12;19:15;19:30;0,0
2024-09-12;19:30;19:45;0,0
2024-09-12;19:45;20:00;0,104
2024-09-12;20:00;20:15;0,0
2024-09-12;20:15;20:30;0,528
2024-09-12;20:30;20:45;0,432
2024-09-12;20:45;21:00;71,12
2024-09-12;21:00;21:15;16,556
2024-09-12;21:15;21:30;35,32
2024-09-12;21:30;21:45;109,716
2024-09-12;21:45;22:00;292,316
2024-09-12;22:00;22:15;38,556
2024-09-12;22:15;22:30;18,628
2024-09-12;22:30;22:45;81,564
2024-09-12;22:45;23:00;23,684
2024-09-12;23:00;23:15;4,028
2024-09-12;23:15;23:30;115,32
2024-09-12;23:30;23:45;130,896
2024-09-12;23:45;00:00;160,144
2024-09-13;00:00;00:15;4,696
2024-09-13;00:15;00:30;0,0
2024-09-13;00:30;00:45;0,044
2024-09-13;00:45;01:00;12,124
2024-09-13;01:00;01:15;0,232
2024-09-13;01:15;01:30;0,28
2024-09-13;01:30;01:45;32,344
2024-09-13;01:45;02:00;62,444
2024-09-13;02:00;02:15;2,684
2024-09-13;02:15;02:30;0,1
2024-09-13;02:30;02:45;0,012
2024-09-13;02:45;03:00;37,732
2024-09-13;03:00;03:15;77,916
2024-09-13;03:15;03:30;28,824
2024-09-13;03:30;03:45;1,116
2024-09-13;03:45;04:00;5,424
2024-09-13;04:00;04:15;22,94
2024-09-13;04:15;04:30;15,032
2024-09-13;04:30;04:45;3,784
2024-09-13;04:45;05:00;23,324
2024-09-13;05:00;05:15;31,592
2024-09-13;05:15;05:30;27,132
2024-09-13;05:30;05:45;6,28
2024-09-13;05:45;06:00;11,048
2024-09-13;06:00;06:15;23,428
2024-09-13;06:15;06:30;0,156
2024-09-13;06:30;06:45;0,0
2024-09-13;06:45;07:00;0,0
2024-09-13;07:00;07:15;3,304
2024-09-13;07:15;07:30;8,472
2024-09-13;07:30;07:45;0,0
2024-09-13;07:45;08:00;0,0
2024-09-13;08:00;08:15;0,0
2024-09-13;08:15;08:30;1,3
2024-09-13;08:30;08:45;22,808
2024-09-13;08:45;09:00;41,624
2024-09-13;09:00;09:15;29,32
2024-09-13;09:15;09:30;30,608
2024-09-13;09:30;09:45;13,524
2024-09-13;09:45;10:00;2,844
2024-09-13;10:00;10:15;0,228
2024-09-13;10:15;10:30;53,244
2024-09-13;10:30;10:45;12,024
2024-09-13;10:45;11:00;7,34
2024-09-13;11:00;11:15;18,02
2024-09-13;11:15;11:30;39,56
2024-09-13;11:30;11:45;17,22
2024-09-13;11:45;12:00;0,436
2024-09-13;12:00;12:15;0,0
2024-09-13;12:15;12:30;0,0
2024-09-13;12:30;12:45;0,0
2024-09-13;12:45;13:00;0,0
2024-09-13;13:00;13:15;0,0
2024-09-13;13:15;13:30;7,088
2024-09-13;13:30;13:45;77,568
2024-09-13;13:45;14:00;120,12
2024-09-13;14:00;14:15;59,22
2024-09-13;14:15;14:30;104,552
2024-09-13;14:30;14:45;31,652
2024-09-13;14:45;15:00;105,604
2024-09-13;15:00;15:15;61,688
2024-09-13;15:15;15:30;81,92
2024-09-13;15:30;15:45;65,7
2024-09-13;15:45;16:00;22,78
2024-09-13;16:00;16:15;7,404
2024-09-13;16:15;16:30;51,048
2024-09-13;16:30;16:45;76,108
2024-09-13;16:45;17:00;14,8
2024-09-13;17:00;17:15;0,636
2024-09-13;17:15;17:30;44,172
2024-09-13;17:30;17:45;21,004
2024-09-13;17:45;18:00;0,0
2024-09-13;18:00;18:15;0,0
2024-09-13;18:15;18:30;0,0
2024-09-13;18:30;18:45;0,0
2024-09-13;18:45;19:00;0,0
2024-09-13;19:00;19:15;11,26
2024-09-13;19:15;19:30;0,028
2024-09-13;19:30;19:45;0,056
2024-09-13;19:45;20:00;0,0
2024-09-13;20:00;20:15;0,0
2024-09-13;20:15;20:30;0,0
2024-09-13;20:30;20:45;15,384
2024-09-13;20:45;21:00;13,24
2024-09-13;21:00;21:15;2,124
2024-09-13;21:15;21:30;60,596
2024-09-13;21:30;21:45;18,292
2024-09-13;21:45;22:00;16,756
2024-09-13;22:00;22:15;16,948
2024-09-13;22:15;22:30;7,436
2024-09-13;22:30;22:45;2,628
2024-09-13;22:45;23:00;3,996
2024-09-13;23:00;23:15;6,068
2024-09-13;23:15;23:30;0,816
2024-09-13;23:30;23:45;8,26
2024-09-13;23:45;00:00;7,144
2024-09-14;00:00;00:15;0,108
2024-09-14;00:15;00:30;0,108
2024-09-14;00:30;00:45;0,032
2024-09-14;00:45;01:00;0,42
2024-09-14;01:00;01:15;0,0
2024-09-14;01:15;01:30;0,0
2024-09-14;01:30;01:45;0,0
2024-09-14;01:45;02:00;0,0
2024-09-14;02:00;02:15;0,0
2024-09-14;02:15;02:30;0,0
2024-09-14;02:30;02:45;0,0
2024-09-14;02:45;03:00;0,0
2024-09-14;03:00;03:15;0,0
2024-09-14;03:15;03:30;1,404
2024-09-14;03:30;03:45;0,0
2024-09-14;03:45;04:00;0,068
2024-09-14;04:00;04:15;0,0
2024-09-14;04:15;04:30;0,0
2024-09-14;04:30;04:45;0,0
2024-09-14;04:45;05:00;0,0
2024-09-14;05:00;05:15;0,388
2024-09-14;05:15;05:30;0,0
2024-09-14;05:30;05:45;0,0
2024-09-14;05:45;06:00;0,024
2024-09-14;06:00;06:15;0,128
2024-09-14;06:15;06:30;0,0
2024-09-14;06:30;06:45;0,0
2024-09-14;06:45;07:00;0,0
2024-09-14;07:00;07:15;11,72
2024-09-14;07:15;07:30;0,0
2024-09-14;07:30;07:45;0,012
2024-09-14;07:45;08:00;1,564
2024-09-14;08:00;08:15;31,776
2024-09-14;08:15;08:30;1,28
2024-09-14;08:30;08:45;0,0
2024-09-14;08:45;09:00;5,652
2024-09-14;09:00;09:15;0,672
2024-09-14;09:15;09:30;0,016
2024-09-14;09:30;09:45;0,144
2024-09-14;09:45;10:00;0,0
2024-09-14;10:00;10:15;0,0
2024-09-14;10:15;10:30;2,436
2024-09-14;10:30;10:45;6,024
2024-09-14;10:45;11:00;1,044
2024-09-14;11:00;11:15;0,836
2024-09-14;11:15;11:30;0,024
2024-09-14;11:30;11:45;4,68
2024-09-14;11:45;12:00;0,284
2024-09-14;12:00;12:15;0,0
2024-09-14;12:15;12:30;0,66
2024-09-14;12:30;12:45;2,204
2024-09-14;12:45;13:00;0,208
2024-09-14;13:00;13:15;0,244
2024-09-14;13:15;13:30;0,74
2024-09-14;13:30;13:45;0,924
2024-09-14;13:45;14:00;3,348
2024-09-14;14:00;14:15;7,104
2024-09-14;14:15;14:30;2,724
2024-09-14;14:30;14:45;9,66
2024-09-14;14:45;15:00;1,98
2024-09-14;15:00;15:15;2,376
2024-09-14;15:15;15:30;6,556
2024-09-14;15:30;15:45;5,324
2024-09-14;15:45;16:00;8,904
2024-09-14;16:00;16:15;18,0
2024-09-14;16:15;16:30;22,356
2024-09-14;16:30;16:45;7,764
2024-09-14;16:45;17:00;9,26
2024-09-14;17:00;17:15;7,576
2024-09-14;17:15;17:30;15,444
2024-09-14;17:30;17:45;11,96
2024-09-14;17:45;18:00;5,516
2024-09-14;18:00;18:15;0,508
2024-09-14;18:15;18:30;0,84
2024-09-14;18:30;18:45;0,0
2024-09-14;18:45;19:00;0,0
2024-09-14;19:00;19:15;0,0
2024-09-14;19:15;19:30;0,0
2024-09-14;19:30;19:45;0,0
2024-09-14;19:45;20:00;0,0
2024-09-14;20:00;20:15;0,04
2024-09-14;20:15;20:30;9,432
2024-09-14;20:30;20:45;18,728
2024-09-14;20:45;21:00;102,028
2024-09-14;21:00;21:15;18,312
2024-09-14;21:15;21:30;35,264
2024-09-14;21:30;21:45;16,48
2024-09-14;21:45;22:00;9,276
2024-09-14;22:00;22:15;24,752
2024-09-14;22:15;22:30;11,924
2024-09-14;22:30;22:45;11,916
2024-09-14;22:45;23:00;20,504
2024-09-14;23:00;23:15;4,52
2024-09-14;23:15;23:30;1,568
2024-09-14;23:30;23:45;0,0
2024-09-14;23:45;00:00;0,128
2024-09-15;00:00;00:15;0,028
2024-09-15;00:15;00:30;8,092
2024-09-15;00:30;00:45;3,156
2024-09-15;00:45;01:00;0,248
2024-09-15;01:00;01:15;15,984
2024-09-15;01:15;01:30;9,18
2024-09-15;01:30;01:45;0,028
2024-09-15;01:45;02:00;0,044
2024-09-15;02:00;02:15;0,096
2024-09-15;02:15;02:30;1,328
2024-09-15;02:30;02:45;0,08
2024-09-15;02:45;03:00;5,456
2024-09-15;03:00;03:15;0,228
2024-09-15;03:15;03:30;1,516
2024-09-15;03:30;03:45;0,0
2024-09-15;03:45;04:00;0,0
2024-09-15;04:00;04:15;0,0
2024-09-15;04:15;04:30;0,0
2024-09-15;04:30;04:45;0,0
2024-09-15;04:45;05:00;0,0
2024-09-15;05:00;05:15;0,032
2024-09-15;05:15;05:30;0,26
2024-09-15;05:30;05:45;0,04
2024-09-15;05:45;06:00;1,08
2024-09-15;06:00;06:15;0,0
2024-09-15;06:15;06:30;0,0
2024-09-15;06:30;06:45;0,0
2024-09-15;06:45;07:00;0,0
2024-09-15;07:00;07:15;0,0
2024-09-15;07:15;07:30;2,712
2024-09-15;07:30;07:45;0,0
2024-09-15;07:45;08:00;0,0
2024-09-15;08:00;08:15;0,0
2024-09-15;08:15;08:30;0,0
2024-09-15;08:30;08:45;0,0
2024-09-15;08:45;09:00;0,0
2024-09-15;09:00;09:15;0,0
2024-09-15;09:15;09:30;0,0
2024-09-15;09:30;09:45;0,0
2024-09-15;09:45;10:00;0,0
2024-09-15;10:00;10:15;0,0
2024-09-15;10:15;10:30;0,0
2024-09-15;10:30;10:45;1,628
2024-09-15;10:45;11:00;5,584
2024-09-15;11:00;11:15;0,008
2024-09-15;11:15;11:30;0,044
2024-09-15;11:30;11:45;3,608
2024-09-15;11:45;12:00;0,132
2024-09-15;12:00;12:15;0,052
2024-09-15;12:15;12:30;0,016
2024-09-15;12:30;12:45;0,0
2024-09-15;12:45;13:00;0,0
2024-09-15;13:00;13:15;0,0
2024-09-15;13:15;13:30;0,0
2024-09-15;13:30;13:45;0,0
2024-09-15;13:45;14:00;0,0
2024-09-15;14:00;14:15;0,0
2024-09-15;14:15;14:30;0,0
2024-09-15;14:30;14:45;0,32
2024-09-15;14:45;15:00;0,0
2024-09-15;15:00;15:15;0,0
2024-09-15;15:15;15:30;0,0
2024-09-15;15:30;15:45;4,828
2024-09-15;15:45;16:00;9,476
2024-09-15;16:00;16:15;59,632
2024-09-15;16:15;16:30;55,14
2024-09-15;16:30;16:45;48,38
2024-09-15;16:45;17:00;16,604
2024-09-15;17:00;17:15;0,312
2024-09-15;17:15;17:30;0,288
2024-09-15;17:30;17:45;3,124
2024-09-15;17:45;18:00;1,244
2024-09-15;18:00;18:15;0,0
2024-09-15;18:15;18:30;0,0
2024-09-15;18:30;18:45;0,0
2024-09-15;18:45;19:00;0,0
2024-09-15;19:00;19:15;6,912
2024-09-15;19:15;19:30;0,0
2024-09-15;19:30;19:45;0,0
2024-09-15;19:45;20:00;0,012
2024-09-15;20:00;20:15;0,104
2024-09-15;20:15;20:30;17,328
2024-09-15;20:30;20:45;44,316
2024-09-15;20:45;21:00;27,584
2024-09-15;21:00;21:15;14,216
2024-09-15;21:15;21:30;9,628
2024-09-15;21:30;21:45;11,484
2024-09-15;21:45;22:00;30,584
2024-09-15;22:00;22:15;5,388
2024-09-15;22:15;22:30;0,436
2024-09-15;22:30;22:45;13,608
2024-09-15;22:45;23:00;0,108
2024-09-15;23:00;23:15;0,0
2024-09-15;23:15;23:30;0,88
2024-09-15;23:30;23:45;1,728
2024-09-15;23:45;00:00;0,02
2024-09-16;00:00;00:15;0,0
2024-09-16;00:15;00:30;0,056
2024-09-16;00:30;00:45;2,044
2024-09-16;00:45;01:00;28,344
2024-09-16;01:00;01:15;1,8
2024-09-16;01:15;01:30;3,744
2024-09-16;01:30;01:45;0,276
2024-09-16;01:45;02:00;0,232
2024-09-16;02:00;02:15;1,212
2024-09-16;02:15;02:30;6,968
2024-09-16;02:30;02:45;10,336
2024-09-16;02:45;03:00;16,556
2024-09-16;03:00;03:15;3,996
2024-09-16;03:15;03:30;11,564
2024-09-16;03:30;03:45;18,3
2024-09-16;03:45;04:00;1,156
2024-09-16;04:00;04:15;3,78
2024-09-16;04:15;04:30;0,224
2024-09-16;04:30;04:45;3,972
2024-09-16;04:45;05:00;1,6
2024-09-16;05:00;05:15;0,124
2024-09-16;05:15;05:30;1,84
2024-09-16;05:30;05:45;1,08
2024-09-16;05:45;06:00;0,016
2024-09-16;06:00;06:15;48,516
2024-09-16;06:15;06:30;0,904
2024-09-16;06:30;06:45;0,0
2024-09-16;06:45;07:00;0,0
2024-09-16;07:00;07:15;0,0
2024-09-16;07:15;07:30;0,0
2024-09-16;07:30;07:45;0,0
2024-09-16;07:45;08:00;0,0
2024-09-16;08:00;08:15;0,0
2024-09-16;08:15;08:30;14,696
2024-09-16;08:30;08:45;35,104
2024-09-16;08:45;09:00;10,16
2024-09-16;09:00;09:15;16,864
2024-09-16;09:15;09:30;27,372
2024-09-16;09:30;09:45;0,668
2024-09-16;09:45;10:00;0,0
2024-09-16;10:00;10:15;0,0
2024-09-16;10:15;10:30;9,896
2024-09-16;10:30;10:45;7,416
2024-09-16;10:45;11:00;0,316
2024-09-16;11:00;11:15;3,3
2024-09-16;11:15;11:30;0,164
2024-09-16;11:30;11:45;0,0
2024-09-16;11:45;12:00;0,0
2024-09-16;12:00;12:15;0,0
2024-09-16;12:15;12:30;0,692
2024-09-16;12:30;12:45;0,004
2024-09-16;12:45;13:00;0,0
2024-09-16;13:00;13:15;0,0
2024-09-16;13:15;13:30;0,0
2024-09-16;13:30;13:45;0,0
2024-09-16;13:45;14:00;0,0
2024-09-16;14:00;14:15;3,336
2024-09-16;14:15;14:30;8,796
2024-09-16;14:30;14:45;2,34
2024-09-16;14:45;15:00;0,0
2024-09-16;15:00;15:15;0,0
2024-09-16;15:15;15:30;0,0
2024-09-16;15:30;15:45;0,0
2024-09-16;15:45;16:00;0,0
2024-09-16;16:00;16:15;0,0
2024-09-16;16:15;16:30;0,0
2024-09-16;16:30;16:45;0,0
2024-09-16;16:45;17:00;0,0
2024-09-16;17:00;17:15;0,0
2024-09-16;17:15;17:30;0,008
2024-09-16;17:30;17:45;0,0
2024-09-16;17:45;18:00;0,0
2024-09-16;18:00;18:15;0,0
2024-09-16;18:15;18:30;0,0
2024-09-16;18:30;18:45;0,0
2024-09-16;18:45;19:00;0,0
2024-09-16;19:00;19:15;0,0
2024-09-16;19:15;19:30;0,0
2024-09-16;19:30;19:45;0,0
2024-09-16;19:45;20:00;0,0
2024-09-16;20:00;20:15;0,0
2024-09-16;20:15;20:30;0,0
2024-09-16;20:30;20:45;0,0
2024-09-16;20:45;21:00;0,0
2024-09-16;21:00;21:15;0,0
2024-09-16;21:15;21:30;0,0
2024-09-16;21:30;21:45;4,732
2024-09-16;21:45;22:00;29,328
2024-09-16;22:00;22:15;12,012
2024-09-16;22:15;22:30;39,04
2024-09-16;22:30;22:45;46,732
2024-09-16;22:45;23:00;12,724
2024-09-16;23:00;23:15;1,072
2024-09-16;23:15;23:30;0,0
2024-09-16;23:30;23:45;0,0
2024-09-16;23:45;00:00;0,164
2024-09-17;00:00;00:15;0,0
2024-09-17;00:15;00:30;0,0
2024-09-17;00:30;00:45;0,0
2024-09-17;00:45;01:00;0,112
2024-09-17;01:00;01:15;9,956
2024-09-17;01:15;01:30;57,448
2024-09-17;01:30;01:45;1,28
2024-09-17;01:45;02:00;8,516
2024-09-17;02:00;02:15;2,852
2024-09-17;02:15;02:30;0,0
2024-09-17;02:30;02:45;0,0
2024-09-17;02:45;03:00;0,112
2024-09-17;03:00;03:15;0,072
2024-09-17;03:15;03:30;0,0
2024-09-17;03:30;03:45;0,0
2024-09-17;03:45;04:00;0,0
2024-09-17;04:00;04:15;0,248
2024-09-17;04:15;04:30;0,0
2024-09-17;04:30;04:45;0,0
2024-09-17;04:45;05:00;0,0
2024-09-17;05:00;05:15;0,532
2024-09-17;05:15;05:30;0,0
2024-09-17;05:30;05:45;0,0
2024-09-17;05:45;06:00;1,644
2024-09-17;06:00;06:15;20,372
2024-09-17;06:15;06:30;0,0
2024-09-17;06:30;06:45;0,0
2024-09-17;06:45;07:00;0,0
2024-09-17;07:00;07:15;3,168
2024-09-17;07:15;07:30;0,0
2024-09-17;07:30;07:45;0,0
2024-09-17;07:45;08:00;0,0
2024-09-17;08:00;08:15;0,0
2024-09-17;08:15;08:30;0,0
2024-09-17;08:30;08:45;0,6
2024-09-17;08:45;09:00;0,0
2024-09-17;09:00;09:15;0,0
2024-09-17;09:15;09:30;9,272
2024-09-17;09:30;09:45;1,328
2024-09-17;09:45;10:00;0,012
2024-09-17;10:00;10:15;0,0
2024-09-17;10:15;10:30;0,0
2024-09-17;10:30;10:45;0,0
2024-09-17;10:45;11:00;0,0
2024-09-17;11:00;11:15;0,0
2024-09-17;11:15;11:30;0,512
2024-09-17;11:30;11:45;26,684
2024-09-17;11:45;12:00;18,144
2024-09-17;12:00;12:15;2,42
2024-09-17;12:15;12:30;21,7
2024-09-17;12:30;12:45;78,596
2024-09-17;12:45;13:00;18,068
2024-09-17;13:00;13:15;6,552
2024-09-17;13:15;13:30;15,244
2024-09-17;13:30;13:45;25,896
2024-09-17;13:45;14:00;75,936
2024-09-17;14:00;14:15;18,964
2024-09-17;14:15;14:30;6,96
2024-09-17;14:30;14:45;33,564
2024-09-17;14:45;15:00;69,088
2024-09-17;15:00;15:15;57,604
2024-09-17;15:15;15:30;52,952
2024-09-17;15:30;15:45;6,176
2024-09-17;15:45;16:00;0,164
2024-09-17;16:00;16:15;7,092
2024-09-17;16:15;16:30;0,0
2024-09-17;16:30;16:45;0,0
2024-09-17;16:45;17:00;0,0
2024-09-17;17:00;17:15;35,884
2024-09-17;17:15;17:30;30,632
2024-09-17;17:30;17:45;15,136
2024-09-17;17:45;18:00;0,0
2024-09-17;18:00;18:15;0,124
2024-09-17;18:15;18:30;0,596
2024-09-17;18:30;18:45;0,076
2024-09-17;18:45;19:00;0,0
2024-09-17;19:00;19:15;42,244
2024-09-17;19:15;19:30;0,0
2024-09-17;19:30;19:45;0,0
2024-09-17;19:45;20:00;0,0
2024-09-17;20:00;20:15;0,0
2024-09-17;20:15;20:30;0,7
2024-09-17;20:30;20:45;4,784
2024-09-17;20:45;21:00;2,128
2024-09-17;21:00;21:15;0,26
2024-09-17;21:15;21:30;0,032
2024-09-17;21:30;21:45;0,012
2024-09-17;21:45;22:00;0,0
2024-09-17;22:00;22:15;1,432
2024-09-17;22:15;22:30;0,008
2024-09-17;22:30;22:45;0,0
2024-09-17;22:45;23:00;0,0
2024-09-17;23:00;23:15;0,0
2024-09-17;23:15;23:30;0,0
2024-09-17;23:30;23:45;0,0
2024-09-17;23:45;00:00;11,62
2024-09-18;00:00;00:15;1,764
2024-09-18;00:15;00:30;1,336
2024-09-18;00:30;00:45;5,964
2024-09-18;00:45;01:00;63,092
2024-09-18;01:00;01:15;7,964
2024-09-18;01:15;01:30;5,492
2024-09-18;01:30;01:45;0,484
2024-09-18;01:45;02:00;0,0
2024-09-18;02:00;02:15;0,0
2024-09-18;02:15;02:30;2,672
2024-09-18;02:30;02:45;0,948
2024-09-18;02:45;03:00;27,664
2024-09-18;03:00;03:15;4,648
2024-09-18;03:15;03:30;0,0
2024-09-18;03:30;03:45;0,0
2024-09-18;03:45;04:00;0,0
2024-09-18;04:00;04:15;0,0
2024-09-18;04:15;04:30;0,0
2024-09-18;04:30;04:45;0,0
2024-09-18;04:45;05:00;0,0
2024-09-18;05:00;05:15;0,132
2024-09-18;05:15;05:30;0,032
2024-09-18;05:30;05:45;0,264
2024-09-18;05:45;06:00;12,936
2024-09-18;06:00;06:15;5,664
2024-09-18;06:15;06:30;0,028
2024-09-18;06:30;06:45;15,196
2024-09-18;06:45;07:00;0,0
2024-09-18;07:00;07:15;0,0
2024-09-18;07:15;07:30;0,0
2024-09-18;07:30;07:45;0,0
2024-09-18;07:45;08:00;0,0
2024-09-18;08:00;08:15;0,0
2024-09-18;08:15;08:30;0,0
2024-09-18;08:30;08:45;0,0
2024-09-18;08:45;09:00;0,0
2024-09-18;09:00;09:15;7,668
2024-09-18;09:15;09:30;2,1
2024-09-18;09:30;09:45;0,0
2024-09-18;09:45;10:00;14,152
2024-09-18;10:00;10:15;10,272
2024-09-18;10:15;10:30;16,484
2024-09-18;10:30;10:45;17,5
2024-09-18;10:45;11:00;2,992
2024-09-18;11:00;11:15;16,016
2024-09-18;11:15;11:30;9,908
2024-09-18;11:30;11:45;14,844
2024-09-18;11:45;12:00;23,984
2024-09-18;12:00;12:15;28,576
2024-09-18;12:15;12:30;1,82
2024-09-18;12:30;12:45;0,0
2024-09-18;12:45;13:00;4,712
2024-09-18;13:00;13:15;12,044
2024-09-18;13:15;13:30;7,084
2024-09-18;13:30;13:45;14,956
2024-09-18;13:45;14:00;21,728
2024-09-18;14:00;14:15;9,62
2024-09-18;14:15;14:30;16,616
2024-09-18;14:30;14:45;14,308
2024-09-18;14:45;15:00;3,028
2024-09-18;15:00;15:15;0,72
2024-09-18;15:15;15:30;4,22
2024-09-18;15:30;15:45;0,044
2024-09-18;15:45;16:00;3,344
2024-09-18;16:00;16:15;16,936
2024-09-18;16:15;16:30;7,532
2024-09-18;16:30;16:45;0,0
2024-09-18;16:45;17:00;0,028
2024-09-18;17:00;17:15;6,56
2024-09-18;17:15;17:30;17,208
2024-09-18;17:30;17:45;8,132
2024-09-18;17:45;18:00;0,004
2024-09-18;18:00;18:15;0,568
2024-09-18;18:15;18:30;1,808
2024-09-18;18:30;18:45;0,0
2024-09-18;18:45;19:00;0,0
2024-09-18;19:00;19:15;77,668
2024-09-18;19:15;19:30;73,0
2024-09-18;19:30;19:45;2,552
2024-09-18;19:45;20:00;0,0
2024-09-18;20:00;20:15;1,416
2024-09-18;20:15;20:30;49,232
2024-09-18;20:30;20:45;19,324
2024-09-18;20:45;21:00;15,472
2024-09-18;21:00;21:15;67,892
2024-09-18;21:15;21:30;13,056
2024-09-18;21:30;21:45;7,592
2024-09-18;21:45;22:00;11,044
2024-09-18;22:00;22:15;0,204
2024-09-18;22:15;22:30;0,152
2024-09-18;22:30;22:45;11,26
2024-09-18;22:45;23:00;3,464
2024-09-18;23:00;23:15;4,872
2024-09-18;23:15;23:30;9,792
2024-09-18;23:30;23:45;0,0
2024-09-18;23:45;00:00;1,024
2024-09-19;00:00;00:15;75,832
2024-09-19;00:15;00:30;96,276
2024-09-19;00:30;00:45;91,016
2024-09-19;00:45;01:00;4,272
2024-09-19;01:00;01:15;1,812
2024-09-19;01:15;01:30;14,34
2024-09-19;01:30;01:45;4,82
2024-09-19;01:45;02:00;28,724
2024-09-19;02:00;02:15;71,78
2024-09-19;02:15;02:30;76,38
2024-09-19;02:30;02:45;6,792
2024-09-19;02:45;03:00;0,0
2024-09-19;03:00;03:15;13,264
2024-09-19;03:15;03:30;8,816
2024-09-19;03:30;03:45;12,332
2024-09-19;03:45;04:00;38,244
2024-09-19;04:00;04:15;65,664
2024-09-19;04:15;04:30;40,236
2024-09-19;04:30;04:45;10,78
2024-09-19;04:45;05:00;0,0
2024-09-19;05:00;05:15;1,572
2024-09-19;05:15;05:30;4,632
2024-09-19;05:30;05:45;0,576
2024-09-19;05:45;06:00;4,824
2024-09-19;06:00;06:15;27,032
2024-09-19;06:15;06:30;4,944
2024-09-19;06:30;06:45;0,044
2024-09-19;06:45;07:00;0,0
2024-09-19;07:00;07:15;0,0
2024-09-19;07:15;07:30;0,0
2024-09-19;07:30;07:45;0,004
2024-09-19;07:45;08:00;0,0
2024-09-19;08:00;08:15;1,544
2024-09-19;08:15;08:30;10,752
2024-09-19;08:30;08:45;0,816
2024-09-19;08:45;09:00;0,0
2024-09-19;09:00;09:15;0,0
2024-09-19;09:15;09:30;10,188
2024-09-19;09:30;09:45;11,428
2024-09-19;09:45;10:00;0,552
2024-09-19;10:00;10:15;0,0
2024-09-19;10:15;10:30;0,0
2024-09-19;10:30;10:45;0,0
2024-09-19;10:45;11:00;6,296
2024-09-19;11:00;11:15;9,176
2024-09-19;11:15;11:30;2,84
2024-09-19;11:30;11:45;7,668
2024-09-19;11:45;12:00;7,792
2024-09-19;12:00;12:15;0,108
2024-09-19;12:15;12:30;0,0
2024-09-19;12:30;12:45;0,0
2024-09-19;12:45;13:00;0,0
2024-09-19;13:00;13:15;0,172
2024-09-19;13:15;13:30;0,016
2024-09-19;13:30;13:45;0,0
2024-09-19;13:45;14:00;0,0
2024-09-19;14:00;14:15;0,0
2024-09-19;14:15;14:30;0,0
2024-09-19;14:30;14:45;0,32
2024-09-19;14:45;15:00;0,0
2024-09-19;15:00;15:15;0,0
2024-09-19;15:15;15:30;0,0
2024-09-19;15:30;15:45;0,0
2024-09-19;15:45;16:00;0,056
2024-09-19;16:00;16:15;20,196
2024-09-19;16:15;16:30;2,14
2024-09-19;16:30;16:45;4,524
2024-09-19;16:45;17:00;0,0
2024-09-19;17:00;17:15;9,932
2024-09-19;17:15;17:30;14,4
2024-09-19;17:30;17:45;11,308
2024-09-19;17:45;18:00;0,0
2024-09-19;18:00;18:15;0,0
2024-09-19;18:15;18:30;5,872
2024-09-19;18:30;18:45;1,72
2024-09-19;18:45;19:00;3,764
2024-09-19;19:00;19:15;6,616
2024-09-19;19:15;19:30;0,384
2024-09-19;19:30;19:45;0,104
2024-09-19;19:45;20:00;3,3
2024-09-19;20:00;20:15;34,296
2024-09-19;20:15;20:30;47,936
2024-09-19;20:30;20:45;92,476
2024-09-19;20:45;21:00;64,288
2024-09-19;21:00;21:15;1,004
2024-09-19;21:15;21:30;8,84
2024-09-19;21:30;21:45;0,032
2024-09-19;21:45;22:00;4,92
2024-09-19;22:00;22:15;1,836
2024-09-19;22:15;22:30;10,436
2024-09-19;22:30;22:45;6,16
2024-09-19;22:45;23:00;0,56
2024-09-19;23:00;23:15;1,188
2024-09-19;23:15;23:30;13,948
2024-09-19;23:30;23:45;3,828
2024-09-19;23:45;00:00;3,908
2024-09-20;00:00;00:15;2,448
2024-09-20;00:15;00:30;0,0
2024-09-20;00:30;00:45;0,444
2024-09-20;00:45;01:00;56,024
2024-09-20;01:00;01:15;74,356
2024-09-20;01:15;01:30;120,7
2024-09-20;01:30;01:45;42,964
2024-09-20;01:45;02:00;32,84
2024-09-20;02:00;02:15;0,0
2024-09-20;02:15;02:30;0,0
2024-09-20;02:30;02:45;0,024
2024-09-20;02:45;03:00;7,94
2024-09-20;03:00;03:15;97,284
2024-09-20;03:15;03:30;83,6
2024-09-20;03:30;03:45;51,308
2024-09-20;03:45;04:00;44,552
2024-09-20;04:00;04:15;23,224
2024-09-20;04:15;04:30;57,784
2024-09-20;04:30;04:45;80,16
2024-09-20;04:45;05:00;9,628
2024-09-20;05:00;05:15;63,696
2024-09-20;05:15;05:30;6,364
2024-09-20;05:30;05:45;15,144
2024-09-20;05:45;06:00;17,716
2024-09-20;06:00;06:15;55,444
2024-09-20;06:15;06:30;25,756
2024-09-20;06:30;06:45;23,056
2024-09-20;06:45;07:00;3,872
2024-09-20;07:00;07:15;16,38
2024-09-20;07:15;07:30;36,5
2024-09-20;07:30;07:45;25,572
2024-09-20;07:45;08:00;3,316
2024-09-20;08:00;08:15;4,584
2024-09-20;08:15;08:30;8,516
2024-09-20;08:30;08:45;1,104
2024-09-20;08:45;09:00;0,0
2024-09-20;09:00;09:15;0,0
2024-09-20;09:15;09:30;0,824
2024-09-20;09:30;09:45;3,868
2024-09-20;09:45;10:00;14,472
2024-09-20;10:00;10:15;14,612
2024-09-20;10:15;10:30;22,932
2024-09-20;10:30;10:45;42,38
2024-09-20;10:45;11:00;19,12
2024-09-20;11:00;11:15;22,52
2024-09-20;11:15;11:30;16,696
2024-09-20;11:30;11:45;20,64
2024-09-20;11:45;12:00;14,92
2024-09-20;12:00;12:15;0,38
2024-09-20;12:15;12:30;1,4
2024-09-20;12:30;12:45;0,0
2024-09-20;12:45;13:00;18,528
2024-09-20;13:00;13:15;10,104
2024-09-20;13:15;13:30;0,004
2024-09-20;13:30;13:45;0,0
2024-09-20;13:45;14:00;0,0
2024-09-20;14:00;14:15;0,0
2024-09-20;14:15;14:30;0,0
2024-09-20;14:30;14:45;0,0
2024-09-20;14:45;15:00;0,644
2024-09-20;15:00;15:15;0,0
2024-09-20;15:15;15:30;0,0
2024-09-20;15:30;15:45;0,0
2024-09-20;15:45;16:00;8,576
2024-09-20;16:00;16:15;40,864
2024-09-20;16:15;16:30;12,228
2024-09-20;16:30;16:45;13,444
2024-09-20;16:45;17:00;16,736
2024-09-20;17:00;17:15;13,92
2024-09-20;17:15;17:30;8,228
2024-09-20;17:30;17:45;0,0
2024-09-20;17:45;18:00;0,0
2024-09-20;18:00;18:15;0,0
2024-09-20;18:15;18:30;7,512
2024-09-20;18:30;18:45;6,088
2024-09-20;18:45;19:00;0,828
2024-09-20;19:00;19:15;77,428
2024-09-20;19:15;19:30;38,868
2024-09-20;19:30;19:45;22,48
2024-09-20;19:45;20:00;2,256
2024-09-20;20:00;20:15;13,888
2024-09-20;20:15;20:30;151,056
2024-09-20;20:30;20:45;90,608
2024-09-20;20:45;21:00;138,86
2024-09-20;21:00;21:15;123,016
2024-09-20;21:15;21:30;51,108
2024-09-20;21:30;21:45;87,448
2024-09-20;21:45;22:00;123,408
2024-09-20;22:00;22:15;20,384
2024-09-20;22:15;22:30;6,764
2024-09-20;22:30;22:45;60,348
2024-09-20;22:45;23:00;36,524
2024-09-20;23:00;23:15;5,428
2024-09-20;23:15;23:30;57,848
2024-09-20;23:30;23:45;14,068
2024-09-20;23:45;00:00;2,52
2024-09-21;00:00;00:15;0,0
2024-09-21;00:15;00:30;0,0
2024-09-21;00:30;00:45;0,0
2024-09-21;00:45;01:00;0,0
2024-09-21;01:00;01:15;0,0
2024-09-21;01:15;01:30;0,0
2024-09-21;01:30;01:45;0,0
2024-09-21;01:45;02:00;0,0
2024-09-21;02:00;02:15;0,0
2024-09-21;02:15;02:30;0,0
2024-09-21;02:30;02:45;0,0
2024-09-21;02:45;03:00;0,0
2024-09-21;03:00;03:15;0,0
2024-09-21;03:15;03:30;0,0
2024-09-21;03:30;03:45;0,0
2024-09-21;03:45;04:00;0,0
2024-09-21;04:00;04:15;0,144
2024-09-21;04:15;04:30;0,028
2024-09-21;04:30;04:45;0,0
2024-09-21;04:45;05:00;0,0
2024-09-21;05:00;05:15;0,0
2024-09-21;05:15;05:30;0,0
2024-09-21;05:30;05:45;0,032
2024-09-21;05:45;06:00;0,12
2024-09-21;06:00;06:15;0,432
2024-09-21;06:15;06:30;0,02
2024-09-21;06:30;06:45;0,0
2024-09-21;06:45;07:00;0,0
2024-09-21;07:00;07:15;0,0
2024-09-21;07:15;07:30;0,288
2024-09-21;07:30;07:45;0,852
2024-09-21;07:45;08:00;0,792
2024-09-21;08:00;08:15;0,048
2024-09-21;08:15;08:30;0,144
2024-09-21;08:30;08:45;0,0
2024-09-21;08:45;09:00;0,0
2024-09-21;09:00;09:15;0,0
2024-09-21;09:15;09:30;0,0
2024-09-21;09:30;09:45;0,0
2024-09-21;09:45;10:00;0,0
2024-09-21;10:00;10:15;0,0
2024-09-21;10:15;10:30;0,0
2024-09-21;10:30;10:45;0,0
2024-09-21;10:45;11:00;0,068
2024-09-21;11:00;11:15;0,484
2024-09-21;11:15;11:30;0,0
2024-09-21;11:30;11:45;0,0
2024-09-21;11:45;12:00;1,528
2024-09-21;12:00;12:15;0,496
2024-09-21;12:15;12:30;0,0
2024-09-21;12:30;12:45;0,0
2024-09-21;12:45;13:00;0,0
2024-09-21;13:00;13:15;0,0
2024-09-21;13:15;13:30;0,0
2024-09-21;13:30;13:45;0,0
2024-09-21;13:45;14:00;0,0
2024-09-21;14:00;14:15;0,0
2024-09-21;14:15;14:30;0,0
2024-09-21;14:30;14:45;0,0
2024-09-21;14:45;15:00;0,0
2024-09-21;15:00;15:15;0,0
2024-09-21;15:15;15:30;0,024
2024-09-21;15:30;15:45;0,1
2024-09-21;15:45;16:00;0,308
2024-09-21;16:00;16:15;4,112
2024-09-21;16:15;16:30;3,556
2024-09-21;16:30;16:45;1,124
2024-09-21;16:45;17:00;0,024
2024-09-21;17:00;17:15;0,0
2024-09-21;17:15;17:30;2,552
2024-09-21;17:30;17:45;2,92
2024-09-21;17:45;18:00;0,052
2024-09-21;18:00;18:15;0,0
2024-09-21;18:15;18:30;0,184
2024-09-21;18:30;18:45;0,428
2024-09-21;18:45;19:00;0,296
2024-09-21;19:00;19:15;4,252
2024-09-21;19:15;19:30;0,96
2024-09-21;19:30;19:45;0,204
2024-09-21;19:45;20:00;0,0
2024-09-21;20:00;20:15;13,096
2024-09-21;20:15;20:30;14,592
2024-09-21;20:30;20:45;13,472
2024-09-21;20:45;21:00;10,932
2024-09-21;21:00;21:15;2,7
2024-09-21;21:15;21:30;6,456
2024-09-21;21:30;21:45;2,78
2024-09-21;21:45;22:00;0,004
2024-09-21;22:00;22:15;0,216
2024-09-21;22:15;22:30;4,504
2024-09-21;22:30;22:45;1,848
2024-09-21;22:45;23:00;2,876
2024-09-21;23:00;23:15;0,448
2024-09-21;23:15;23:30;23,856
2024-09-21;23:30;23:45;1,48
2024-09-21;23:45;00:00;0,0
2024-09-22;00:00;00:15;0,312
2024-09-22;00:15;00:30;3,012
2024-09-22;00:30;00:45;0,944
2024-09-22;00:45;01:00;0,008
2024-09-22;01:00;01:15;0,0
2024-09-22;01:15;01:30;0,068
2024-09-22;01:30;01:45;0,292
2024-09-22;01:45;02:00;0,496
2024-09-22;02:00;02:15;0,188
2024-09-22;02:15;02:30;0,052
2024-09-22;02:30;02:45;0,136
2024-09-22;02:45;03:00;0,344
2024-09-22;03:00;03:15;0,0
2024-09-22;03:15;03:30;0,008
2024-09-22;03:30;03:45;0,0
2024-09-22;03:45;04:00;0,048
2024-09-22;04:00;04:15;0,164
2024-09-22;04:15;04:30;0,0
2024-09-22;04:30;04:45;0,0
2024-09-22;04:45;05:00;0,0
2024-09-22;05:00;05:15;0,004
2024-09-22;05:15;05:30;0,02
2024-09-22;05:30;05:45;0,0
2024-09-22;05:45;06:00;0,0
2024-09-22;06:00;06:15;0,0
2024-09-22;06:15;06:30;0,0
2024-09-22;06:30;06:45;0,0
2024-09-22;06:45;07:00;0,0
2024-09-22;07:00;07:15;0,0
2024-09-22;07:15;07:30;0,0
2024-09-22;07:30;07:45;0,184
2024-09-22;07:45;08:00;3,304
2024-09-22;08:00;08:15;0,0
2024-09-22;08:15;08:30;0,0
2024-09-22;08:30;08:45;0,244
2024-09-22;08:45;09:00;0,0
2024-09-22;09:00;09:15;0,0
2024-09-22;09:15;09:30;0,0
2024-09-22;09:30;09:45;0,0
2024-09-22;09:45;10:00;0,0
2024-09-22;10:00;10:15;0,0
2024-09-22;10:15;10:30;0,0
2024-09-22;10:30;10:45;0,0
2024-09-22;10:45;11:00;0,0
2024-09-22;11:00;11:15;0,0
2024-09-22;11:15;11:30;0,0
2024-09-22;11:30;11:45;0,104
2024-09-22;11:45;12:00;0,0
2024-09-22;12:00;12:15;0,0
2024-09-22;12:15;12:30;0,356
2024-09-22;12:30;12:45;0,0
2024-09-22;12:45;13:00;0,0
2024-09-22;13:00;13:15;0,312
2024-09-22;13:15;13:30;0,012
2024-09-22;13:30;13:45;0,0
2024-09-22;13:45;14:00;0,0
2024-09-22;14:00;14:15;0,0
2024-09-22;14:15;14:30;0,0
2024-09-22;14:30;14:45;0,0
2024-09-22;14:45;15:00;0,0
2024-09-22;15:00;15:15;0,0
2024-09-22;15:15;15:30;0,0
2024-09-22;15:30;15:45;0,0
2024-09-22;15:45;16:00;0,0
2024-09-22;16:00;16:15;2,332
2024-09-22;16:15;16:30;0,0
2024-09-22;16:30;16:45;0,0
2024-09-22;16:45;17:00;0,0
2024-09-22;17:00;17:15;0,0
2024-09-22;17:15;17:30;0,0
2024-09-22;17:30;17:45;0,0
2024-09-22;17:45;18:00;0,28
2024-09-22;18:00;18:15;0,0
2024-09-22;18:15;18:30;0,0
2024-09-22;18:30;18:45;0,0
2024-09-22;18:45;19:00;0,0
2024-09-22;19:00;19:15;0,0
2024-09-22;19:15;19:30;0,0
2024-09-22;19:30;19:45;0,0
2024-09-22;19:45;20:00;0,012
2024-09-22;20:00;20:15;0,028
2024-09-22;20:15;20:30;8,584
2024-09-22;20:30;20:45;16,836
2024-09-22;20:45;21:00;5,672
2024-09-22;21:00;21:15;7,624
2024-09-22;21:15;21:30;14,9
2024-09-22;21:30;21:45;3,764
2024-09-22;21:45;22:00;3,752
2024-09-22;22:00;22:15;37,764
2024-09-22;22:15;22:30;23,132
2024-09-22;22:30;22:45;2,052
2024-09-22;22:45;23:00;5,292
2024-09-22;23:00;23:15;11,804
2024-09-22;23:15;23:30;42,784
2024-09-22;23:30;23:45;52,32
2024-09-22;23:45;00:00;11,78
2024-09-23;00:00;00:15;12,92
2024-09-23;00:15;00:30;50,008
2024-09-23;00:30;00:45;3,452
2024-09-23;00:45;01:00;0,792
2024-09-23;01:00;01:15;13,268
2024-09-23;01:15;01:30;0,0
2024-09-23;01:30;01:45;0,788
2024-09-23;01:45;02:00;3,12
2024-09-23;02:00;02:15;0,84
2024-09-23;02:15;02:30;0,084
2024-09-23;02:30;02:45;0,856
2024-09-23;02:45;03:00;0,0
2024-09-23;03:00;03:15;0,096
2024-09-23;03:15;03:30;1,7
2024-09-23;03:30;03:45;0,0
2024-09-23;03:45;04:00;0,0
2024-09-23;04:00;04:15;0,0
2024-09-23;04:15;04:30;0,0
2024-09-23;04:30;04:45;3,524
2024-09-23;04:45;05:00;0,0
2024-09-23;05:00;05:15;1,748
2024-09-23;05:15;05:30;0,66
2024-09-23;05:30;05:45;10,616
2024-09-23;05:45;06:00;0,636
2024-09-23;06:00;06:15;20,288
2024-09-23;06:15;06:30;0,0
2024-09-23;06:30;06:45;0,0
2024-09-23;06:45;07:00;0,004
2024-09-23;07:00;07:15;0,0
2024-09-23;07:15;07:30;6,536
2024-09-23;07:30;07:45;45,508
2024-09-23;07:45;08:00;94,364
2024-09-23;08:00;08:15;17,332
2024-09-23;08:15;08:30;12,872
2024-09-23;08:30;08:45;40,8
2024-09-23;08:45;09:00;10,196
2024-09-23;09:00;09:15;12,14
2024-09-23;09:15;09:30;17,472
2024-09-23;09:30;09:45;27,076
2024-09-23;09:45;10:00;4,9
2024-09-23;10:00;10:15;0,544
2024-09-23;10:15;10:30;8,26
2024-09-23;10:30;10:45;12,592
2024-09-23;10:45;11:00;16,348
2024-09-23;11:00;11:15;0,608
2024-09-23;11:15;11:30;0,02
2024-09-23;11:30;11:45;0,004
2024-09-23;11:45;12:00;0,484
2024-09-23;12:00;12:15;0,508
2024-09-23;12:15;12:30;4,56
2024-09-23;12:30;12:45;14,36
2024-09-23;12:45;13:00;31,888
2024-09-23;13:00;13:15;6,62
2024-09-23;13:15;13:30;0,0
2024-09-23;13:30;13:45;0,0
2024-09-23;13:45;14:00;0,0
2024-09-23;14:00;14:15;4,892
2024-09-23;14:15;14:30;0,0
2024-09-23;14:30;14:45;8,992
2024-09-23;14:45;15:00;19,976
2024-09-23;15:00;15:15;0,0
2024-09-23;15:15;15:30;9,224
2024-09-23;15:30;15:45;0,0
2024-09-23;15:45;16:00;4,804
2024-09-23;16:00;16:15;9,38
2024-09-23;16:15;16:30;0,048
2024-09-23;16:30;16:45;0,0
2024-09-23;16:45;17:00;14,644
2024-09-23;17:00;17:15;58,812
2024-09-23;17:15;17:30;15,332
2024-09-23;17:30;17:45;55,356
2024-09-23;17:45;18:00;9,364
2024-09-23;18:00;18:15;32,572
2024-09-23;18:15;18:30;75,78
2024-09-23;18:30;18:45;102,304
2024-09-23;18:45;19:00;0,132
2024-09-23;19:00;19:15;0,008
2024-09-23;19:15;19:30;0,0
2024-09-23;19:30;19:45;0,0
2024-09-23;19:45;20:00;0,0
2024-09-23;20:00;20:15;0,0
2024-09-23;20:15;20:30;31,516
2024-09-23;20:30;20:45;40,972
2024-09-23;20:45;21:00;12,508
2024-09-23;21:00;21:15;64,096
2024-09-23;21:15;21:30;43,748
2024-09-23;21:30;21:45;51,336
2024-09-23;21:45;22:00;49,56
2024-09-23;22:00;22:15;36,648
2024-09-23;22:15;22:30;40,576
2024-09-23;22:30;22:45;4,592
2024-09-23;22:45;23:00;2,324
2024-09-23;23:00;23:15;0,056
2024-09-23;23:15;23:30;28,728
2024-09-23;23:30;23:45;57,16
2024-09-23;23:45;00:00;53,824
2024-09-24;00:00;00:15;0,0
2024-09-24;00:15;00:30;0,0
2024-09-24;00:30;00:45;0,0
2024-09-24;00:45;01:00;0,0
2024-09-24;01:00;01:15;0,0
2024-09-24;01:15;01:30;0,0
2024-09-24;01:30;01:45;0,0
2024-09-24;01:45;02:00;0,0
2024-09-24;02:00;02:15;0,0
2024-09-24;02:15;02:30;0,064
2024-09-24;02:30;02:45;0,0
2024-09-24;02:45;03:00;0,0
2024-09-24;03:00;03:15;0,192
2024-09-24;03:15;03:30;0,012
2024-09-24;03:30;03:45;0,0
2024-09-24;03:45;04:00;0,076
2024-09-24;04:00;04:15;0,02
2024-09-24;04:15;04:30;0,012
2024-09-24;04:30;04:45;1,44
2024-09-24;04:45;05:00;0,66
2024-09-24;05:00;05:15;0,272
2024-09-24;05:15;05:30;0,076
2024-09-24;05:30;05:45;0,0
2024-09-24;05:45;06:00;1,608
2024-09-24;06:00;06:15;2,68
2024-09-24;06:15;06:30;0,556
2024-09-24;06:30;06:45;0,0
2024-09-24;06:45;07:00;0,0
2024-09-24;07:00;07:15;0,0
2024-09-24;07:15;07:30;0,364
2024-09-24;07:30;07:45;6,032
2024-09-24;07:45;08:00;3,256
2024-09-24;08:00;08:15;19,88
2024-09-24;08:15;08:30;21,208
2024-09-24;08:30;08:45;3,348
2024-09-24;08:45;09:00;0,524
2024-09-24;09:00;09:15;21,216
2024-09-24;09:15;09:30;18,116
2024-09-24;09:30;09:45;6,552
2024-09-24;09:45;10:00;0,228
2024-09-24;10:00;10:15;33,4
2024-09-24;10:15;10:30;30,476
2024-09-24;10:30;10:45;0,388
2024-09-24;10:45;11:00;0,0
2024-09-24;11:00;11:15;0,0
2024-09-24;11:15;11:30;0,0
2024-09-24;11:30;11:45;0,0
2024-09-24;11:45;12:00;0,0
2024-09-24;12:00;12:15;0,0
2024-09-24;12:15;12:30;0,0
2024-09-24;12:30;12:45;1,12
2024-09-24;12:45;13:00;85,144
2024-09-24;13:00;13:15;1,204
2024-09-24;13:15;13:30;11,512
2024-09-24;13:30;13:45;16,648
2024-09-24;13:45;14:00;0,904
2024-09-24;14:00;14:15;0,0
2024-09-24;14:15;14:30;0,0
2024-09-24;14:30;14:45;35,572
2024-09-24;14:45;15:00;35,744
2024-09-24;15:00;15:15;48,348
2024-09-24;15:15;15:30;10,78
2024-09-24;15:30;15:45;18,692
2024-09-24;15:45;16:00;31,356
2024-09-24;16:00;16:15;0,0
2024-09-24;16:15;16:30;0,0
2024-09-24;16:30;16:45;0,0
2024-09-24;16:45;17:00;79,244
2024-09-24;17:00;17:15;68,332
2024-09-24;17:15;17:30;20,384
2024-09-24;17:30;17:45;19,164
2024-09-24;17:45;18:00;0,0
2024-09-24;18:00;18:15;19,92
2024-09-24;18:15;18:30;10,268
2024-09-24;18:30;18:45;38,72
2024-09-24;18:45;19:00;0,008
2024-09-24;19:00;19:15;0,0
2024-09-24;19:15;19:30;0,0
2024-09-24;19:30;19:45;0,0
2024-09-24;19:45;20:00;0,0
2024-09-24;20:00;20:15;4,872
2024-09-24;20:15;20:30;2,42
2024-09-24;20:30;20:45;3,328
2024-09-24;20:45;21:00;0,172
2024-09-24;21:00;21:15;0,0
2024-09-24;21:15;21:30;20,728
2024-09-24;21:30;21:45;15,88
2024-09-24;21:45;22:00;21,304
2024-09-24;22:00;22:15;47,752
2024-09-24;22:15;22:30;82,816
2024-09-24;22:30;22:45;9,384
2024-09-24;22:45;23:00;10,7
2024-09-24;23:00;23:15;4,392
2024-09-24;23:15;23:30;11,736
2024-09-24;23:30;23:45;10,488
2024-09-24;23:45;00:00;56,496
2024-09-25;00:00;00:15;0,704
2024-09-25;00:15;00:30;0,0
2024-09-25;00:30;00:45;0,0
2024-09-25;00:45;01:00;0,0
2024-09-25;01:00;01:15;0,0
2024-09-25;01:15;01:30;0,0
2024-09-25;01:30;01:45;0,0
2024-09-25;01:45;02:00;0,0
2024-09-25;02:00;02:15;0,148
2024-09-25;02:15;02:30;2,224
2024-09-25;02:30;02:45;0,624
2024-09-25;02:45;03:00;0,0
2024-09-25;03:00;03:15;0,0
2024-09-25;03:15;03:30;0,0
2024-09-25;03:30;03:45;0,0
2024-09-25;03:45;04:00;0,064
2024-09-25;04:00;04:15;0,0
2024-09-25;04:15;04:30;0,0
2024-09-25;04:30;04:45;0,0
2024-09-25;04:45;05:00;0,0
2024-09-25;05:00;05:15;0,0
2024-09-25;05:15;05:30;0,0
2024-09-25;05:30;05:45;0,0
2024-09-25;05:45;06:00;1,508
2024-09-25;06:00;06:15;0,0
2024-09-25;06:15;06:30;0,0
2024-09-25;06:30;06:45;0,0
2024-09-25;06:45;07:00;0,0
2024-09-25;07:00;07:15;0,0
2024-09-25;07:15;07:30;0,0
2024-09-25;07:30;07:45;0,0
2024-09-25;07:45;08:00;1,556
2024-09-25;08:00;08:15;11,668
2024-09-25;08:15;08:30;4,7
2024-09-25;08:30;08:45;2,096
2024-09-25;08:45;09:00;0,0
2024-09-25;09:00;09:15;0,02
2024-09-25;09:15;09:30;9,968
2024-09-25;09:30;09:45;0,0
2024-09-25;09:45;10:00;0,848
2024-09-25;10:00;10:15;95,364
2024-09-25;10:15;10:30;36,104
2024-09-25;10:30;10:45;0,304
2024-09-25;10:45;11:00;24,332
2024-09-25;11:00;11:15;24,712
2024-09-25;11:15;11:30;39,8
2024-09-25;11:30;11:45;27,496
2024-09-25;11:45;12:00;0,0
2024-09-25;12:00;12:15;0,0
2024-09-25;12:15;12:30;8,184
2024-09-25;12:30;12:45;40,94
2024-09-25;12:45;13:00;4,42
2024-09-25;13:00;13:15;0,0
2024-09-25;13:15;13:30;0,0
2024-09-25;13:30;13:45;0,0
2024-09-25;13:45;14:00;11,992
2024-09-25;14:00;14:15;10,072
2024-09-25;14:15;14:30;0,0
2024-09-25;14:30;14:45;0,0
2024-09-25;14:45;15:00;0,0
2024-09-25;15:00;15:15;0,0
2024-09-25;15:15;15:30;0,0
2024-09-25;15:30;15:45;0,0
2024-09-25;15:45;16:00;0,036
2024-09-25;16:00;16:15;0,0
2024-09-25;16:15;16:30;0,0
2024-09-25;16:30;16:45;0,028
2024-09-25;16:45;17:00;0,648
2024-09-25;17:00;17:15;2,832
2024-09-25;17:15;17:30;0,032
2024-09-25;17:30;17:45;0,0
2024-09-25;17:45;18:00;16,96
2024-09-25;18:00;18:15;127,916
2024-09-25;18:15;18:30;37,272
2024-09-25;18:30;18:45;20,936
2024-09-25;18:45;19:00;0,0
2024-09-25;19:00;19:15;0,0
2024-09-25;19:15;19:30;0,0
2024-09-25;19:30;19:45;0,0
2024-09-25;19:45;20:00;16,504
2024-09-25;20:00;20:15;8,324
2024-09-25;20:15;20:30;50,276
2024-09-25;20:30;20:45;18,204
2024-09-25;20:45;21:00;0,704
2024-09-25;21:00;21:15;0,0
2024-09-25;21:15;21:30;0,0
2024-09-25;21:30;21:45;0,0
2024-09-25;21:45;22:00;0,0
2024-09-25;22:00;22:15;0,0
2024-09-25;22:15;22:30;0,0
2024-09-25;22:30;22:45;0,0
2024-09-25;22:45;23:00;0,0
2024-09-25;23:00;23:15;19,984
2024-09-25;23:15;23:30;12,112
2024-09-25;23:30;23:45;31,912
2024-09-25;23:45;00:00;8,376
2024-09-26;00:00;00:15;0,0
2024-09-26;00:15;00:30;0,0
2024-09-26;00:30;00:45;0,0
2024-09-26;00:45;01:00;22,012
2024-09-26;01:00;01:15;6,632
2024-09-26;01:15;01:30;44,5
2024-09-26;01:30;01:45;17,796
2024-09-26;01:45;02:00;18,532
2024-09-26;02:00;02:15;27,752
2024-09-26;02:15;02:30;6,928
2024-09-26;02:30;02:45;0,736
2024-09-26;02:45;03:00;0,02
2024-09-26;03:00;03:15;3,384
2024-09-26;03:15;03:30;0,38
2024-09-26;03:30;03:45;0,104
2024-09-26;03:45;04:00;2,492
2024-09-26;04:00;04:15;0,076
2024-09-26;04:15;04:30;1,164
2024-09-26;04:30;04:45;0,0
2024-09-26;04:45;05:00;0,052
2024-09-26;05:00;05:15;2,256
2024-09-26;05:15;05:30;0,076
2024-09-26;05:30;05:45;0,0
2024-09-26;05:45;06:00;0,036
2024-09-26;06:00;06:15;12,724
2024-09-26;06:15;06:30;26,32
2024-09-26;06:30;06:45;9,708
2024-09-26;06:45;07:00;0,0
2024-09-26;07:00;07:15;0,0
2024-09-26;07:15;07:30;0,0
2024-09-26;07:30;07:45;0,0
2024-09-26;07:45;08:00;21,568
2024-09-26;08:00;08:15;55,276
2024-09-26;08:15;08:30;77,804
2024-09-26;08:30;08:45;4,14
2024-09-26;08:45;09:00;0,24
2024-09-26;09:00;09:15;0,0
2024-09-26;09:15;09:30;0,0
2024-09-26;09:30;09:45;0,0
2024-09-26;09:45;10:00;0,0
2024-09-26;10:00;10:15;0,0
2024-09-26;10:15;10:30;0,0
2024-09-26;10:30;10:45;0,0
2024-09-26;10:45;11:00;0,0
2024-09-26;11:00;11:15;6,624
2024-09-26;11:15;11:30;17,2
2024-09-26;11:30;11:45;6,476
2024-09-26;11:45;12:00;0,552
2024-09-26;12:00;12:15;0,0
2024-09-26;12:15;12:30;0,0
2024-09-26;12:30;12:45;0,0
2024-09-26;12:45;13:00;0,1
2024-09-26;13:00;13:15;10,288
2024-09-26;13:15;13:30;14,204
2024-09-26;13:30;13:45;3,876
2024-09-26;13:45;14:00;5,26
2024-09-26;14:00;14:15;0,0
2024-09-26;14:15;14:30;0,0
2024-09-26;14:30;14:45;0,0
2024-09-26;14:45;15:00;0,064
2024-09-26;15:00;15:15;0,08
2024-09-26;15:15;15:30;0,012
2024-09-26;15:30;15:45;4,456
2024-09-26;15:45;16:00;16,24
2024-09-26;16:00;16:15;119,18
2024-09-26;16:15;16:30;52,764
2024-09-26;16:30;16:45;7,104
2024-09-26;16:45;17:00;0,976
2024-09-26;17:00;17:15;0,0
2024-09-26;17:15;17:30;0,0
2024-09-26;17:30;17:45;0,0
2024-09-26;17:45;18:00;0,0
2024-09-26;18:00;18:15;0,0
2024-09-26;18:15;18:30;0,0
2024-09-26;18:30;18:45;0,0
2024-09-26;18:45;19:00;45,604
2024-09-26;19:00;19:15;100,996
2024-09-26;19:15;19:30;109,42
2024-09-26;19:30;19:45;108,26
2024-09-26;19:45;20:00;88,54
2024-09-26;20:00;20:15;65,476
2024-09-26;20:15;20:30;11,332
2024-09-26;20:30;20:45;31,156
2024-09-26;20:45;21:00;14,848
2024-09-26;21:00;21:15;0,0
2024-09-26;21:15;21:30;0,216
2024-09-26;21:30;21:45;5,848
2024-09-26;21:45;22:00;66,572
2024-09-26;22:00;22:15;32,932
2024-09-26;22:15;22:30;8,648
2024-09-26;22:30;22:45;5,712
2024-09-26;22:45;23:00;1,096
2024-09-26;23:00;23:15;38,916
2024-09-26;23:15;23:30;46,812
2024-09-26;23:30;23:45;56,816
2024-09-26;23:45;00:00;86,736
2024-09-27;00:00;00:15;47,572
2024-09-27;00:15;00:30;45,924
2024-09-27;00:30;00:45;7,612
2024-09-27;00:45;01:00;0,0
2024-09-27;01:00;01:15;18,216
2024-09-27;01:15;01:30;5,536
2024-09-27;01:30;01:45;0,044
2024-09-27;01:45;02:00;0,0
2024-09-27;02:00;02:15;44,288
2024-09-27;02:15;02:30;58,96
2024-09-27;02:30;02:45;25,6
2024-09-27;02:45;03:00;10,276
2024-09-27;03:00;03:15;32,664
2024-09-27;03:15;03:30;8,412
2024-09-27;03:30;03:45;24,912
2024-09-27;03:45;04:00;55,656
2024-09-27;04:00;04:15;3,892
2024-09-27;04:15;04:30;0,136
2024-09-27;04:30;04:45;0,0
2024-09-27;04:45;05:00;0,0
2024-09-27;05:00;05:15;0,884
2024-09-27;05:15;05:30;1,544
2024-09-27;05:30;05:45;1,236
2024-09-27;05:45;06:00;0,0
2024-09-27;06:00;06:15;12,26
2024-09-27;06:15;06:30;1,724
2024-09-27;06:30;06:45;0,424
2024-09-27;06:45;07:00;0,0
2024-09-27;07:00;07:15;17,384
2024-09-27;07:15;07:30;4,94
2024-09-27;07:30;07:45;19,56
2024-09-27;07:45;08:00;2,432
2024-09-27;08:00;08:15;10,152
2024-09-27;08:15;08:30;27,508
2024-09-27;08:30;08:45;2,308
2024-09-27;08:45;09:00;18,632
2024-09-27;09:00;09:15;17,032
2024-09-27;09:15;09:30;7,54
2024-09-27;09:30;09:45;4,616
2024-09-27;09:45;10:00;13,612
2024-09-27;10:00;10:15;7,628
2024-09-27;10:15;10:30;10,692
2024-09-27;10:30;10:45;10,888
2024-09-27;10:45;11:00;0,392
2024-09-27;11:00;11:15;0,864
2024-09-27;11:15;11:30;2,616
2024-09-27;11:30;11:45;0,912
2024-09-27;11:45;12:00;0,0
2024-09-27;12:00;12:15;0,0
2024-09-27;12:15;12:30;0,076
2024-09-27;12:30;12:45;0,0
2024-09-27;12:45;13:00;0,0
2024-09-27;13:00;13:15;0,0
2024-09-27;13:15;13:30;0,116
2024-09-27;13:30;13:45;0,004
2024-09-27;13:45;14:00;0,0
2024-09-27;14:00;14:15;0,0
2024-09-27;14:15;14:30;0,0
2024-09-27;14:30;14:45;0,208
2024-09-27;14:45;15:00;0,0
2024-09-27;15:00;15:15;0,148
2024-09-27;15:15;15:30;0,0
2024-09-27;15:30;15:45;0,456
2024-09-27;15:45;16:00;2,292
2024-09-27;16:00;16:15;45,436
2024-09-27;16:15;16:30;16,632
2024-09-27;16:30;16:45;15,104
2024-09-27;16:45;17:00;35,764
2024-09-27;17:00;17:15;7,204
2024-09-27;17:15;17:30;46,476
2024-09-27;17:30;17:45;23,792
2024-09-27;17:45;18:00;30,372
2024-09-27;18:00;18:15;62,56
2024-09-27;18:15;18:30;9,104
2024-09-27;18:30;18:45;0,0
2024-09-27;18:45;19:00;12,632
2024-09-27;19:00;19:15;0,004
2024-09-27;19:15;19:30;0,0
2024-09-27;19:30;19:45;0,52
2024-09-27;19:45;20:00;38,54
2024-09-27;20:00;20:15;0,244
2024-09-27;20:15;20:30;0,0
2024-09-27;20:30;20:45;0,0
2024-09-27;20:45;21:00;0,0
2024-09-27;21:00;21:15;0,0
2024-09-27;21:15;21:30;0,0
2024-09-27;21:30;21:45;0,0
2024-09-27;21:45;22:00;0,996
2024-09-27;22:00;22:15;0,0
2024-09-27;22:15;22:30;1,28
2024-09-27;22:30;22:45;1,572
2024-09-27;22:45;23:00;1,504
2024-09-27;23:00;23:15;0,568
2024-09-27;23:15;23:30;0,948
2024-09-27;23:30;23:45;0,296
2024-09-27;23:45;00:00;0,056
2024-09-28;00:00;00:15;0,0
2024-09-28;00:15;00:30;0,0
2024-09-28;00:30;00:45;0,0
2024-09-28;00:45;01:00;0,0
2024-09-28;01:00;01:15;0,72
2024-09-28;01:15;01:30;4,448
2024-09-28;01:30;01:45;0,42
2024-09-28;01:45;02:00;0,144
2024-09-28;02:00;02:15;0,0
2024-09-28;02:15;02:30;0,0
2024-09-28;02:30;02:45;0,0
2024-09-28;02:45;03:00;0,0
2024-09-28;03:00;03:15;0,0
2024-09-28;03:15;03:30;0,5
2024-09-28;03:30;03:45;1,036
2024-09-28;03:45;04:00;0,092
2024-09-28;04:00;04:15;0,0
2024-09-28;04:15;04:30;0,0
2024-09-28;04:30;04:45;0,0
2024-09-28;04:45;05:00;0,0
2024-09-28;05:00;05:15;0,0
2024-09-28;05:15;05:30;0,0
2024-09-28;05:30;05:45;0,0
2024-09-28;05:45;06:00;0,0
2024-09-28;06:00;06:15;0,0
2024-09-28;06:15;06:30;0,0
2024-09-28;06:30;06:45;0,0
2024-09-28;06:45;07:00;0,008
2024-09-28;07:00;07:15;0,0
2024-09-28;07:15;07:30;0,0
2024-09-28;07:30;07:45;0,0
2024-09-28;07:45;08:00;0,0
2024-09-28;08:00;08:15;0,0
2024-09-28;08:15;08:30;0,0
2024-09-28;08:30;08:45;0,256
2024-09-28;08:45;09:00;2,32
2024-09-28;09:00;09:15;18,208
2024-09-28;09:15;09:30;6,06
2024-09-28;09:30;09:45;1,352
2024-09-28;09:45;10:00;5,344
2024-09-28;10:00;10:15;1,988
2024-09-28;10:15;10:30;3,628
2024-09-28;10:30;10:45;6,628
2024-09-28;10:45;11:00;2,64
2024-09-28;11:00;11:15;1,808
2024-09-28;11:15;11:30;9,904
2024-09-28;11:30;11:45;1,992
2024-09-28;11:45;12:00;0,836
2024-09-28;12:00;12:15;31,2
2024-09-28;12:15;12:30;46,568
2024-09-28;12:30;12:45;29,324
2024-09-28;12:45;13:00;43,368
2024-09-28;13:00;13:15;51,868
2024-09-28;13:15;13:30;94,248
2024-09-28;13:30;13:45;93,852
2024-09-28;13:45;14:00;73,144
2024-09-28;14:00;14:15;55,5
2024-09-28;14:15;14:30;35,808
2024-09-28;14:30;14:45;8,684
2024-09-28;14:45;15:00;26,692
2024-09-28;15:00;15:15;16,916
2024-09-28;15:15;15:30;15,024
2024-09-28;15:30;15:45;0,284
2024-09-28;15:45;16:00;0,696
2024-09-28;16:00;16:15;0,168
2024-09-28;16:15;16:30;5,576
2024-09-28;16:30;16:45;5,764
2024-09-28;16:45;17:00;10,164
2024-09-28;17:00;17:15;0,452
2024-09-28;17:15;17:30;3,244
2024-09-28;17:30;17:45;0,2
2024-09-28;17:45;18:00;0,0
2024-09-28;18:00;18:15;0,0
2024-09-28;18:15;18:30;0,0
2024-09-28;18:30;18:45;0,0
2024-09-28;18:45;19:00;0,0
2024-09-28;19:00;19:15;1,672
2024-09-28;19:15;19:30;0,0
2024-09-28;19:30;19:45;0,0
2024-09-28;19:45;20:00;0,0
2024-09-28;20:00;20:15;0,0
2024-09-28;20:15;20:30;0,004
2024-09-28;20:30;20:45;8,908
2024-09-28;20:45;21:00;27,1
2024-09-28;21:00;21:15;4,26
2024-09-28;21:15;21:30;3,068
2024-09-28;21:30;21:45;0,0
2024-09-28;21:45;22:00;0,0
2024-09-28;22:00;22:15;0,0
2024-09-28;22:15;22:30;0,312
2024-09-28;22:30;22:45;1,076
2024-09-28;22:45;23:00;9,724
2024-09-28;23:00;23:15;4,828
2024-09-28;23:15;23:30;0,16
2024-09-28;23:30;23:45;0,072
2024-09-28;23:45;00:00;2,9
2024-09-29;00:00;00:15;18,4
2024-09-29;00:15;00:30;56,264
2024-09-29;00:30;00:45;40,196
2024-09-29;00:45;01:00;93,968
2024-09-29;01:00;01:15;30,688
2024-09-29;01:15;01:30;55,756
2024-09-29;01:30;01:45;9,08
2024-09-29;01:45;02:00;14,492
2024-09-29;02:00;02:15;0,444
2024-09-29;02:15;02:30;0,16
2024-09-29;02:30;02:45;52,968
2024-09-29;02:45;03:00;119,9
2024-09-29;03:00;03:15;102,592
2024-09-29;03:15;03:30;22,76
2024-09-29;03:30;03:45;11,7
2024-09-29;03:45;04:00;18,16
2024-09-29;04:00;04:15;0,0
2024-09-29;04:15;04:30;0,0
2024-09-29;04:30;04:45;0,0
2024-09-29;04:45;05:00;0,0
2024-09-29;05:00;05:15;5,356
2024-09-29;05:15;05:30;3,892
2024-09-29;05:30;05:45;38,516
2024-09-29;05:45;06:00;25,264
2024-09-29;06:00;06:15;25,66
2024-09-29;06:15;06:30;8,54
2024-09-29;06:30;06:45;0,0
2024-09-29;06:45;07:00;1,088
2024-09-29;07:00;07:15;1,848
2024-09-29;07:15;07:30;0,0
2024-09-29;07:30;07:45;0,0
2024-09-29;07:45;08:00;6,684
2024-09-29;08:00;08:15;0,616
2024-09-29;08:15;08:30;0,016
2024-09-29;08:30;08:45;0,772
2024-09-29;08:45;09:00;0,0
2024-09-29;09:00;09:15;0,0
2024-09-29;09:15;09:30;2,52
2024-09-29;09:30;09:45;3,336
2024-09-29;09:45;10:00;0,46
2024-09-29;10:00;10:15;0,0
2024-09-29;10:15;10:30;0,0
2024-09-29;10:30;10:45;0,0
2024-09-29;10:45;11:00;0,0
2024-09-29;11:00;11:15;17,572
2024-09-29;11:15;11:30;4,168
2024-09-29;11:30;11:45;0,684
2024-09-29;11:45;12:00;0,0
2024-09-29;12:00;12:15;0,0
2024-09-29;12:15;12:30;0,0
2024-09-29;12:30;12:45;0,0
2024-09-29;12:45;13:00;0,0
2024-09-29;13:00;13:15;0,0
2024-09-29;13:15;13:30;7,412
2024-09-29;13:30;13:45;6,1
2024-09-29;13:45;14:00;3,612
2024-09-29;14:00;14:15;1,364
2024-09-29;14:15;14:30;0,852
2024-09-29;14:30;14:45;0,0
2024-09-29;14:45;15:00;0,0
2024-09-29;15:00;15:15;0,0
2024-09-29;15:15;15:30;0,596
2024-09-29;15:30;15:45;0,0
2024-09-29;15:45;16:00;0,0
2024-09-29;16:00;16:15;2,584
2024-09-29;16:15;16:30;8,816
2024-09-29;16:30;16:45;0,744
2024-09-29;16:45;17:00;0,0
2024-09-29;17:00;17:15;3,488
2024-09-29;17:15;17:30;0,0
2024-09-29;17:30;17:45;0,0
2024-09-29;17:45;18:00;0,0
2024-09-29;18:00;18:15;2,16
2024-09-29;18:15;18:30;5,604
2024-09-29;18:30;18:45;1,244
2024-09-29;18:45;19:00;0,032
2024-09-29;19:00;19:15;0,092
2024-09-29;19:15;19:30;0,0
2024-09-29;19:30;19:45;0,0
2024-09-29;19:45;20:00;0,192
2024-09-29;20:00;20:15;20,696
2024-09-29;20:15;20:30;58,68
2024-09-29;20:30;20:45;46,864
2024-09-29;20:45;21:00;36,496
2024-09-29;21:00;21:15;10,112
2024-09-29;21:15;21:30;52,768
2024-09-29;21:30;21:45;79,5
2024-09-29;21:45;22:00;44,004
2024-09-29;22:00;22:15;106,408
2024-09-29;22:15;22:30;77,772
2024-09-29;22:30;22:45;85,508
2024-09-29;22:45;23:00;62,32
2024-09-29;23:00;23:15;81,456
2024-09-29;23:15;23:30;160,76
2024-09-29;23:30;23:45;78,872
2024-09-29;23:45;00:00;48,092
2024-09-30;00:00;00:15;1,296
2024-09-30;00:15;00:30;0,0
2024-09-30;00:30;00:45;0,0
2024-09-30;00:45;01:00;0,0
2024-09-30;01:00;01:15;0,12
2024-09-30;01:15;01:30;0,008
2024-09-30;01:30;01:45;0,0
2024-09-30;01:45;02:00;0,0
2024-09-30;02:00;02:15;0,608
2024-09-30;02:15;02:30;0,008
2024-09-30;02:30;02:45;0,0
2024-09-30;02:45;03:00;0,0
2024-09-30;03:00;03:15;0,0
2024-09-30;03:15;03:30;0,0
2024-09-30;03:30;03:45;0,0
2024-09-30;03:45;04:00;0,0
2024-09-30;04:00;04:15;3,816
2024-09-30;04:15;04:30;1,784
2024-09-30;04:30;04:45;0,0
2024-09-30;04:45;05:00;1,048
2024-09-30;05:00;05:15;3,192
2024-09-30;05:15;05:30;2,572
2024-09-30;05:30;05:45;0,0
2024-09-30;05:45;06:00;0,064
2024-09-30;06:00;06:15;0,0
2024-09-30;06:15;06:30;0,0
2024-09-30;06:30;06:45;0,0
2024-09-30;06:45;07:00;0,0
2024-09-30;07:00;07:15;0,192
2024-09-30;07:15;07:30;4,4
2024-09-30;07:30;07:45;10,524
2024-09-30;07:45;08:00;0,852
2024-09-30;08:00;08:15;0,908
2024-09-30;08:15;08:30;0,008
2024-09-30;08:30;08:45;0,0
2024-09-30;08:45;09:00;0,032
2024-09-30;09:00;09:15;0,572
2024-09-30;09:15;09:30;0,636
2024-09-30;09:30;09:45;0,044
2024-09-30;09:45;10:00;0,056
2024-09-30;10:00;10:15;0,744
2024-09-30;10:15;10:30;0,024
2024-09-30;10:30;10:45;0,3
2024-09-30;10:45;11:00;5,164
2024-09-30;11:00;11:15;0,0
2024-09-30;11:15;11:30;8,2
2024-09-30;11:30;11:45;2,892
2024-09-30;11:45;12:00;0,0
2024-09-30;12:00;12:15;0,0
2024-09-30;12:15;12:30;0,212
2024-09-30;12:30;12:45;0,348
2024-09-30;12:45;13:00;0,556
2024-09-30;13:00;13:15;0,0
2024-09-30;13:15;13:30;0,0
2024-09-30;13:30;13:45;16,536
2024-09-30;13:45;14:00;39,396
2024-09-30;14:00;14:15;24,316
2024-09-30;14:15;14:30;31,964
2024-09-30;14:30;14:45;20,892
2024-09-30;14:45;15:00;46,304
2024-09-30;15:00;15:15;34,552
2024-09-30;15:15;15:30;26,524
2024-09-30;15:30;15:45;16,104
2024-09-30;15:45;16:00;18,484
2024-09-30;16:00;16:15;5,544
2024-09-30;16:15;16:30;20,576
2024-09-30;16:30;16:45;28,924
2024-09-30;16:45;17:00;0,0
2024-09-30;17:00;17:15;0,116
2024-09-30;17:15;17:30;0,0
2024-09-30;17:30;17:45;0,0
2024-09-30;17:45;18:00;7,328
2024-09-30;18:00;18:15;42,668
2024-09-30;18:15;18:30;14,6
2024-09-30;18:30;18:45;38,884
2024-09-30;18:45;19:00;59,348
2024-09-30;19:00;19:15;6,084
2024-09-30;19:15;19:30;1,772
2024-09-30;19:30;19:45;0,9
2024-09-30;19:45;20:00;65,668
2024-09-30;20:00;20:15;12,632
2024-09-30;20:15;20:30;59,436
2024-09-30;20:30;20:45;39,88
2024-09-30;20:45;21:00;30,168
2024-09-30;21:00;21:15;0,584
2024-09-30;21:15;21:30;8,856
2024-09-30;21:30;21:45;7,176
2024-09-30;21:45;22:00;24,884
2024-09-30;22:00;22:15;18,632
2024-09-30;22:15;22:30;38,832
2024-09-30;22:30;22:45;20,82
2024-09-30;22:45;23:00;41,848
2024-09-30;23:00;23:15;43,116
2024-09-30;23:15;23:30;13,012
2024-09-30;23:30;23:45;7,788
2024-09-30;23:45;00:00;1,996
